max_life_steal,description,default_atk,max_energy_recovery_rate,max_accuracy,max_hp_recovery_rate,default_dodge,default_magic_str,max_energy_reduce_rate,max_magic_critical,passive_skill_id_1,category,max_rank_flag,max_magic_str,default_magic_def,max_magic_def,passive_skill_id_2,max_dodge,rarity,default_energy_recovery_rate,default_energy_reduce_rate,default_physical_critical,ex_equipment_id,restriction_id,default_physical_penetrate,max_magic_penetrate,default_magic_critical,default_def,is_force_protected,default_hp,max_def,default_magic_penetrate,max_physical_critical,default_wave_energy_recovery,default_life_steal,passive_skill_power,default_hp_recovery_rate,default_accuracy,name,max_atk,max_wave_energy_recovery,max_wave_hp_recovery,unknown_1,clan_battle_equip_flag,max_physical_penetrate,default_wave_hp_recovery,max_hp
0,见习骑士训练时使用的木剑。\n骑士们的第一步就是使用好它，\n学习战斗的基本功。,50,0,0,0,0,0,0,0,0,101,0,0,0,0,0,0,1,0,0,0,4101101,0,0,0,0,0,0,0,0,0,0,0,0,0,0,0,木剑,200,0,0,0,0,0,0,0
0,广为传播的铁剑。价格低廉，\n但是做工结实，作为护身武器\n备受旅行者的青睐。,80,0,0,0,0,0,0,0,0,101,0,0,0,0,0,0,2,0,0,0,4101201,0,0,0,0,0,0,0,0,0,0,0,0,0,0,0,钢剑,400,0,0,0,0,0,0,0
0,刀身略短，呈弯曲状的剑。\n在狭小的空间里也能自如挥舞，\n因此常被在船上战斗的海盗所携带。,40,0,0,0,0,0,0,0,0,101,0,0,0,0,0,0,2,0,0,20,4101202,0,0,0,0,0,0,0,0,0,100,0,0,0,0,0,海盗剑,200,0,0,0,0,0,0,0
0,专注于刺击设计而成的铁剑。比起士\n兵，更受贵族的喜爱。常用于决斗等\n场合。,40,0,0,0,0,0,0,0,0,101,0,0,0,0,0,0,2,0,0,0,4101203,0,0,0,0,40,0,0,200,0,0,0,0,0,0,0,铁刺剑,200,0,0,0,0,0,0,0
0,工匠用散发着七彩光芒的矿石\n打造而成的剑。矿石内蕴藏的力量\n会随持有者对他人的深厚情感而增强\n使剑刃变得更加坚韧。,80,0,0,0,0,0,0,0,0,101,0,0,0,0,0,0,2,0,0,0,4101251,0,0,0,0,0,0,0,0,0,0,0,0,0,0,0,【行会】骑士的愿望,400,0,0,0,1,0,0,0
0,为某位贵族打造的长剑。\n在其华丽高雅的装饰之中，\n蕴含着贵族想让自己变得\n强大且优雅这一愿望。,117,0,0,0,0,0,0,0,4101301,101,0,0,0,0,0,0,3,0,0,0,4101301,0,0,0,0,0,0,0,0,0,0,0,0,0,0,0,贵族之光,700,0,0,0,0,0,0,0
0,从遗迹中挖掘而出，有着美丽装饰的\n曲剑。在传说中，刺客假意向国王\n献出这把剑，却近身一刀终结了\n对方的生命。,84,0,0,0,0,0,0,0,4101302,101,0,0,0,0,0,0,3,0,0,17,4101302,0,0,0,0,0,0,0,0,0,100,0,0,0,0,0,刺客的装饰剑,500,0,0,0,0,0,0,0
0,刀身布有金色荆棘的腰剑。\n传说它用圣者祝福过的玫瑰制成，\n能赋予持有者极为坚定的信仰，\n助其克服一切困难。,84,0,0,0,0,0,0,0,4101303,101,0,0,0,0,0,0,3,0,0,0,4101303,0,0,0,0,0,0,34,0,0,0,0,0,0,0,0,黄金荆棘,500,0,0,0,0,0,0,200
0,一流工匠用散发着七彩光芒的矿石\n精心打造而成的剑。拥有\n将人们的情谊转化为锋锐，\n斩除一切威胁的力量。,117,0,0,0,0,0,0,0,0,101,0,0,0,0,0,0,3,0,0,0,4101351,0,0,0,0,0,0,0,0,0,0,0,0,0,0,0,【行会】骑士的希望,700,0,0,0,1,0,0,0
0,受传说中的精灵庇佑的灵剑。\n饱含风元素的剑刃能够将任何铠甲\n一刀斩断，为使用者带回胜利。,150,0,0,0,0,0,0,0,4101401,101,0,0,0,0,0,0,4,0,0,0,4101401,0,0,0,0,0,0,0,0,0,0,0,0,0,0,0,元素之剑,900,0,0,0,0,0,0,0
0,怜悯受苦之人，势要斩除邪恶的决心\n与此剑相呼应，解放了利剑真正的模\n样。它将拯救陷入绝望之人的内心，\n毁灭心怀邪恶的存在，带来安宁。,200,0,0,0,0,0,0,0,4101402,101,0,0,0,0,0,0,4,0,0,0,4101402,0,0,0,0,0,1,0,0,0,0,0,0,0,0,0,斯卡农,800,0,0,0,0,0,0,0
0,大和专用的蛇形剑……的复制品。在\n修复断剑的同时，吹雪顺便增加了可\n伸缩构造。虽然可以像鞭子一样使用\n，但需要小心避免伤及自己。,117,0,0,0,0,0,0,0,4101403,101,1,0,0,0,0,0,4,0,0,0,4101403,0,0,0,0,0,1,0,0,0,0,0,0,0,0,0,量产型大和的蛇腹剑,700,0,0,0,0,0,0,0
0,这球棒充满了那个整天都在玩沙滩棒\n球的夏天的回忆。浸染汗水与泪水的\n特训时光化作力量，打出了奇迹般的\n本垒打，飞向夏日的天空。,117,0,0,0,0,0,0,0,4101404,101,1,0,0,0,0,0,4,0,0,0,4101404,0,0,0,0,0,1,0,0,0,0,0,0,0,0,0,某骑士爱用的球棒,700,0,0,0,0,0,0,0
0,此剑托付给了跨越高贵龙战士\n残火的勇者。那不灭的骄傲\n将化为驱散邪气的双翼，成为继承\n苍蓝灵魂的真正勇者之基石。,468,0,0,0,0,0,0,0,4101501,101,1,0,0,0,0,0,5,0,0,0,4101501,0,0,0,0,0,0,0,0,0,0,0,0,0,0,0,残烛之刃 里吉尔军团,468,0,0,0,0,0,0,0
0,此剑由露易丝玛丽凝聚\n阿尔凯斯炼金堂秘术的精华\n所铸成，纯净无瑕，蕴含着\n能转化为任何物质的无限可能。,468,0,0,0,0,0,0,0,4101502,101,1,0,0,0,0,0,5,0,0,0,4101502,0,0,0,0,0,1,0,0,0,0,0,0,0,0,0,阿尔贝多之剑,468,0,0,0,0,0,0,0
0,用普通石材打造的大剑。虽然刀锋\n钝得几近于钝器，但易于保养，\n深受粗犷之人喜爱。,50,0,0,0,0,0,0,0,0,102,0,0,0,0,0,0,1,0,0,0,4102101,0,0,0,0,0,0,0,0,0,0,0,0,0,0,0,石剑,200,0,0,0,0,0,0,0
0,军队使用的双刃大剑。\n价格低廉，易于批量配备。\n简单朴实，适合各类使用者。,80,0,0,0,0,0,0,0,0,102,0,0,0,0,0,0,2,0,0,0,4102201,0,0,0,0,0,0,0,0,0,0,0,0,0,0,0,士兵剑,400,0,0,0,0,0,0,0
0,简单易用，适用于各种场合的大剑。\n重量与锋利并存，对抗铠甲效果显著\n，因此备受士兵青睐。,60,0,0,0,0,0,0,0,0,102,0,0,0,0,0,0,2,0,0,20,4102202,0,0,0,0,0,0,0,0,0,100,0,0,0,0,0,重剑,300,0,0,0,0,0,0,0
0,在典礼场合使用的银制直剑。不适合\n用于实战，但它独有的庄严氛围能够\n让持剑者凝聚心神。,40,0,0,0,0,0,0,0,0,102,0,0,0,0,0,0,2,0,0,0,4102203,0,0,0,0,40,0,0,200,0,0,0,0,0,0,0,银制礼仪剑,200,0,0,0,0,0,0,0
0,工匠用散发着七彩光芒的矿石\n加工而成的大剑。矿石内蕴藏的力量\n会随持有者对他人的深厚情感而增强\n使斩击变得更加沉重有力。,80,0,0,0,0,0,0,0,0,102,0,0,0,0,0,0,2,0,0,0,4102251,0,0,0,0,0,0,0,0,0,0,0,0,0,0,0,【行会】勇者的愿望,400,0,0,0,1,0,0,0
0,用寒冰般冰冷的钢材打造的剑。\n守护寒冷地区的骑士会使用，\n即便在零下，刀刃也不会磨损丝毫。,117,0,0,0,0,0,0,0,4102301,102,0,0,0,0,0,0,3,0,0,0,4102301,0,0,0,0,0,0,0,0,0,0,0,0,0,0,0,冰封之剑,700,0,0,0,0,0,0,0
0,信奉龙族的雇佣团所使用的巨剑。据\n说其刀身是模仿黑龙的爪子制成的，\n能轻而易举地切裂坚固的铠甲。,84,0,0,0,0,0,0,0,4102302,102,0,0,0,0,0,0,3,0,0,17,4102302,0,0,0,0,0,0,0,0,0,100,0,0,0,0,0,龙爪之剑,500,0,0,0,0,0,0,0
0,饱含着对神灵的敬畏之情锻造而成的\n灵剑。此剑曾用于平息神明的怒火，\n能够大幅提升使用者感应神明的能力\n。,84,0,0,0,0,0,0,0,4102303,102,0,0,0,0,0,0,3,0,0,0,4102303,0,0,0,0,34,0,0,200,0,0,0,0,0,0,0,敬畏之剑,500,0,0,0,0,0,0,0
0,一流工匠用散发着七彩光芒的矿石\n精心加工而成的大剑。人们的\n情谊之力凝聚于刀身，能够一刀\n斩下邪恶之徒。,117,0,0,0,0,0,0,0,0,102,0,0,0,0,0,0,3,0,0,0,4102351,0,0,0,0,0,0,0,0,0,0,0,0,0,0,0,【行会】勇者的勇气,700,0,0,0,1,0,0,0
0,孤身奋战，最终取得胜利的战士\n持有的大剑。据说此剑一挥斩倒百人\n当年直接导致那位战士的敌对国家\n再也没能迎来破晓。,150,0,0,0,0,0,0,0,4102401,102,0,0,0,0,0,0,4,0,0,0,4102401,0,0,0,0,0,0,0,0,0,0,0,0,0,0,0,暗夜剑山间梦境,900,0,0,0,0,0,0,0
0,吹雪特制多功能扳手的复制品。原本\n的变形设计被去除，固定为剑模式，\n但是那会运动的锯齿刃非常锋利，可\n用于加工等用途。,117,0,0,0,0,0,0,0,4102402,102,1,0,0,0,0,0,4,0,0,0,4102402,0,0,0,0,0,1,0,0,0,0,0,0,0,0,0,量产型小吹雪扳手,700,0,0,0,0,0,0,0
0,此大剑托付给了跨越高贵龙战士\n残火的勇者。战士的信念将化作\n咆哮般的一击，成为身披碧蓝红莲的\n新勇者之证明。,468,0,0,0,0,0,0,0,4102501,102,1,0,0,0,0,0,5,0,0,0,4102501,0,0,0,0,0,0,0,0,0,0,0,0,0,0,0,残怀大剑 布拉乌·伊迪亚,468,0,0,0,0,0,0,0
0,用标准铁材制成的短剑。\n虽然性能一般，但价格低廉，\n对于一般市民来说，已经具备\n足够的强度，可作为自卫之用。,0,0,0,0,0,0,0,0,0,103,0,0,0,0,0,0,1,0,0,30,4103101,0,0,0,0,0,0,0,0,0,150,0,0,0,0,0,铁制小刀,0,0,0,0,0,0,0,0
0,士兵们在战场上使用的钢铁短剑。\n设计目的是能够穿透链甲，\n其锋利的刺击足以给对手造成重伤。,0,0,0,0,0,0,0,0,0,103,0,0,0,0,0,0,2,0,0,60,4103201,0,0,0,0,0,0,0,0,0,300,0,0,0,0,0,钢铁小剑,0,0,0,0,0,0,0,0
0,用银制成的小刀。虽然强度不高，\n但由于防锈能力极强，\n因此在长途旅行中携带这种武器\n的旅行者也不在少数。,40,0,0,0,0,0,0,0,0,103,0,0,0,0,0,0,2,0,0,20,4103202,0,0,0,0,0,0,0,0,0,100,0,0,0,0,0,银制小刀,200,0,0,0,0,0,0,0
0,在黑市大量流通的小刀。尽管价格\n低廉，但质量并不差，因此一些\n新兴的盗贼团伙在扩充装备时，\n就会选择采购大量这种武器。,40,0,0,0,0,0,0,0,0,103,0,0,0,0,0,0,2,0,0,0,4103203,0,0,0,0,40,0,0,200,0,0,0,0,0,0,0,盗贼小刀,200,0,0,0,0,0,0,0
0,工匠用散发着七彩光芒的矿石\n打造而成的短剑。矿石内蕴藏的力量\n会随持有者对他人的深厚情感而增强\n刀锋变得更加锐利。,0,0,0,0,0,0,0,0,0,103,0,0,0,0,0,0,2,0,0,60,4103251,0,0,0,0,0,0,0,0,0,300,0,0,0,0,0,【行会】游骑兵的愿望,0,0,0,0,1,0,0,0
0,某位誓死效忠领主的骑士所持的\n短剑。这份誓约为剑赋予了力量，\n细小的剑身能造成难以想象的\n猛烈刺击。,34,0,0,0,0,0,0,0,4103301,103,0,0,0,0,0,0,3,0,0,67,4103301,0,0,0,0,0,0,0,0,0,400,0,0,0,0,0,胜者之城短剑,200,0,0,0,0,0,0,0
0,虔诚信徒携带的小剑。能够为虔诚的\n持有者带来神圣的庇护，保护使用者\n免受邪恶存在的侵害。,84,0,0,0,0,0,0,0,4103302,103,0,0,0,0,0,0,3,0,0,17,4103302,0,0,0,0,0,0,0,0,0,100,0,0,0,0,0,祈祷小剑,500,0,0,0,0,0,0,0
0,神秘的刺客在执行任务时使用的匕首\n每夺取一条生命，刀锋都会变得\n更加锋利。但也有传言称\n它的刀刃终将转向持有者。,67,0,0,0,0,0,0,0,4103303,103,0,0,0,0,0,0,3,0,0,0,4103303,0,0,0,0,50,0,0,300,0,0,0,0,0,0,0,隐秘匕首,400,0,0,0,0,0,0,0
0,一流工匠用散发着七彩光芒的矿石精\n心打造而成的剑。人们的情谊之力凝\n聚于刀身，能够一刀斩杀邪恶之徒。,34,0,0,0,0,0,0,0,0,103,0,0,0,0,0,0,3,0,0,67,4103351,0,0,0,0,0,0,0,0,0,400,0,0,0,0,0,【行会】游骑兵的希望,200,0,0,0,1,0,0,0
0,用雷电化身的幻兽的角制成的短剑。\n传说使用者能得到天空的支持，\n举剑就能引发暴风雨，挥动则会\n召来落雷，将敌人歼灭殆尽。,84,0,0,0,0,0,0,0,4103401,103,0,0,0,0,0,0,4,0,0,84,4103401,0,0,0,0,0,0,0,0,0,500,0,0,0,0,0,雷鸣剑独角兽雷霆,500,0,0,0,0,0,0,0
0,击破霸瞳皇帝残响的勇者，将被授予\n此短刀。曾统治大地的神狐违抗天命，\n僭越称王，终被勇者们制裁，幽闭于\n黑暗的地底深处。,268,0,0,0,0,0,0,0,4103501,103,1,0,0,0,0,0,5,0,0,268,4103501,0,0,0,0,0,0,0,0,0,268,0,0,0,0,0,霸瞳灵刃 布都御魂,268,0,0,0,0,0,0,0
0,尖锐岩石制成的刺枪。\n虽然是不太可靠的武器，\n但在狩猎野生动物方面已经足够有效\n而且制作相对容易。,30,0,0,0,0,0,0,0,0,104,0,0,0,0,0,0,1,0,0,10,4104101,0,0,0,0,0,0,0,0,0,50,0,0,0,0,0,石制刺枪,150,0,0,0,0,0,0,0
0,主要为佣兵使用的斧枪。其形状能驾\n驭多种战斗方式，但需要接受相应的\n训练才能灵活运用。,60,0,0,0,0,0,0,0,0,104,0,0,0,0,0,0,2,0,0,20,4104201,0,0,0,0,0,0,0,0,0,100,0,0,0,0,0,佣兵队的斧枪,300,0,0,0,0,0,0,0
0,正式被军队采用的长枪。\n与盾相配合，组成的枪兵队列能够在\n不破坏阵型的情况下击溃敌军。,60,0,0,0,0,0,0,0,0,104,0,0,0,0,0,0,2,0,0,0,4104202,0,0,0,0,20,0,0,100,0,0,0,0,0,0,0,士兵长枪,300,0,0,0,0,0,0,0
0,僧兵为了自卫而装备的铁枪。\n不仅仅发挥武器的作用，还能用于\n向神明祈祷等仪式中。,80,0,0,0,0,0,0,0,0,104,0,0,0,0,0,0,2,0,0,0,4104203,0,0,0,0,0,0,0,0,0,0,0,0,0,0,0,祈愿铁枪,400,0,0,0,0,0,0,0
0,工匠用散发着七彩光芒的矿石\n加工而成的长枪。矿石内蕴藏的力量\n会随持有者对他人的深厚情感而增强\n使刺击变得更加凶猛。,60,0,0,0,0,0,0,0,0,104,0,0,0,0,0,0,2,0,0,20,4104251,0,0,0,0,0,0,0,0,0,100,0,0,0,0,0,【行会】骑兵的愿望,300,0,0,0,1,0,0,0
0,圣职者用于对抗邪恶存在的斧枪。经\n过圣水磨砺的刀刃上附有破魔之力，\n能够击退巨大的魔物。,84,0,0,0,0,0,0,0,4104301,104,0,0,0,0,0,0,3,0,0,17,4104301,0,0,0,0,0,0,0,0,0,100,0,0,0,0,0,僧兵的斧枪,500,0,0,0,0,0,0,0
0,只有优秀的骑士才被允许拥有的长枪\n。拥有它本身就是卓越骑士的象征，\n足以让敌人失去战意。,67,0,0,0,0,0,0,0,4104302,104,0,0,0,0,0,0,3,0,0,0,4104302,0,0,0,0,50,0,0,300,0,0,0,0,0,0,0,老练骑士长枪,400,0,0,0,0,0,0,0
0,军队指挥官使用的长枪。它是象征军\n衔的装备，即便在混乱的战场上，士\n兵们也会跟随持有此枪的人。,67,0,0,15,0,0,0,0,4104303,104,0,0,0,0,0,0,3,0,0,0,4104303,0,0,0,0,0,0,0,0,0,0,0,0,0,3,0,指挥官长枪,400,0,0,0,0,0,0,0
0,一流工匠用散发着七彩光芒的矿石\n精心加工而成的长枪。人们的\n情谊之力凝聚于枪尖，能够穿透\n一切邪恶，将其祛除。,84,0,0,0,0,0,0,0,0,104,0,0,0,0,0,0,3,0,0,17,4104351,0,0,0,0,0,0,0,0,0,100,0,0,0,0,0,【行会】骑兵的勇气,500,0,0,0,1,0,0,0
0,由覆着狱火的龙牙制成的大枪。\n仅仅是沿着地面划过，就能在转瞬间\n燃起火焰，将四周化作炼狱。,117,0,0,0,0,0,0,0,4104401,104,0,0,0,0,0,0,4,0,0,50,4104401,0,0,0,0,0,0,0,0,0,300,0,0,0,0,0,龙骑兵獠牙大枪,700,0,0,0,0,0,0,0
0,吉奥·矶汉拿的锻造师使用六凶之一\n，魔蛛阿拉克涅的残骸碎片打造出的\n诅咒之矛。爪子、宝玉、蜘蛛丝的布\n料，所有素材都是特级的凶险之物。,117,0,0,0,0,0,0,0,4104402,104,1,0,0,0,0,0,4,0,0,0,4104402,0,0,0,0,0,1,0,0,0,0,0,0,0,0,0,魔蛛凶矛,700,0,0,0,0,0,0,0
0,击破霸瞳皇帝残响的勇者，\n将被授予此矛。反抗命运的神狐\n为寻求沉睡在天楼尽头的一线可能，\n攀登高塔，得以知晓世界的秘密。,336,0,0,0,0,0,0,0,4104501,104,1,0,0,0,0,0,5,0,0,168,4104501,0,0,0,0,0,0,0,0,0,168,0,0,0,0,0,霸瞳神枪 天之琼矛,336,0,0,0,0,0,0,0
0,由加工过的岩石制成的斧头。\n相较于铁制品更容易破损，\n但制作简单。有些人会准备多把，\n当作投掷斧来使用。,50,0,0,0,0,0,0,0,0,105,0,0,0,0,0,0,1,0,0,0,4105101,0,0,0,0,0,0,0,0,0,0,0,0,0,0,0,岩斧,200,0,0,0,0,0,0,0
0,在战场上使用的双手斧。简单的设计\n使其易于使用，使用者可以利用坚固\n的斧刃将对手横扫在地。,80,0,0,0,0,0,0,0,0,105,0,0,0,0,0,0,2,0,0,0,4105201,0,0,0,0,0,0,0,0,0,0,0,0,0,0,0,战争双手斧,400,0,0,0,0,0,0,0
0,非常沉重的铁制巨斧。\n虽然使用起来不太灵活，但它的设计\n更注重于一击粉碎敌人的铠甲。,80,0,0,0,0,0,0,0,0,105,0,0,0,0,0,0,2,0,0,0,4105202,0,0,0,0,0,0,0,0,0,0,0,0,0,0,0,重型铁斧,400,0,0,0,0,0,0,0
0,使用特殊合金制成，兼顾轻便和坚固\n性的单手斧。可以在瞄准敌人后，投\n掷它进行攻击，适用性广泛。,80,0,0,0,0,0,0,0,0,105,0,0,0,0,0,0,2,0,0,20,4105203,0,0,0,0,0,0,0,0,0,100,0,0,0,0,0,合金单手斧,400,0,0,0,0,0,0,0
0,工匠用散发着七彩光芒的矿石\n加工而成的大斧。矿石内蕴藏的力量\n会随持有者对他人的深厚情感而增强\n使其放出能够斩断对手防具的一击。,80,0,0,0,0,0,0,0,0,105,0,0,0,0,0,0,2,0,0,0,4105251,0,0,0,0,0,0,0,0,0,0,0,0,0,0,0,【行会】战士的愿望,400,0,0,0,1,0,0,0
0,蕴含着火焰魔力的大斧，能够发动\n烈火一般的猛攻。可以激发使用者的\n斗争心，一旦挥下，对手在倒地以前\n都会一直承受攻击。,117,0,0,0,0,0,0,0,4105301,105,0,0,0,0,0,0,3,0,0,0,4105301,0,0,0,0,0,0,0,0,0,0,0,0,0,0,0,无尽烈焰大斧,700,0,0,0,0,0,0,0
0,只有被国王认可的骑士才能获赐的大\n斧。持有者不得带着这把大斧逃走，\n必须做好舍命战斗的觉悟。,117,0,0,0,0,0,0,0,4105302,105,0,0,0,0,0,0,3,0,0,0,4105302,0,0,0,0,0,0,0,0,0,0,0,0,0,0,0,王之荣耀大斧,700,0,0,0,0,0,0,0
0,切下恶魔的角打造而成的单手斧。\n黑色的斧刃源源不断地散发着邪气，\n它将剥夺使用者的怜悯之心，\n对敌人造成致命的一击。,100,0,0,0,0,0,0,0,4105303,105,0,0,0,0,0,0,3,0,0,34,4105303,0,0,0,0,0,0,0,0,0,200,0,0,0,0,0,恶魔之角斧,600,0,0,0,0,0,0,0
0,一流工匠用散发着七彩光芒的矿石\n精心加工而成的大斧。借由\n人们的情谊之力，使用者能够用它\n造成猛烈的攻击，粉碎心怀恶意之人,117,0,0,0,0,0,0,0,0,105,0,0,0,0,0,0,3,0,0,0,4105351,0,0,0,0,0,0,0,0,0,0,0,0,0,0,0,【行会】战士的勇气,700,0,0,0,1,0,0,0
0,传说中由大地巨人铸造的巨斧。\n仅凭一击就足以砍裂大地，\n被比作巨人的愤怒。,150,0,0,0,0,0,0,0,4105401,105,0,0,0,0,0,0,4,0,0,0,4105401,0,0,0,0,0,0,0,0,0,0,0,0,0,0,0,大地巨人之斧,900,0,0,0,0,0,0,0
0,若菜爱用的平底锅……的复制品。\n经过吹雪强行改造，看起来\n十分凶狠，但不知道为什么，\n做出来的料理都变好吃了。,117,0,0,0,0,0,0,0,4105402,105,1,0,0,0,0,0,4,0,0,0,4105402,0,0,0,0,0,1,0,0,0,0,0,0,0,0,0,量产型若菜的平底锅,700,0,0,0,0,0,0,0
0,此战斧托付给了跨越高贵龙战士\n残火的勇者。其中蕴藏的怒火\n将化为粉碎地表的利刃，成为守护\n锈蚀祈愿的勇者之血气。,468,0,0,0,0,0,0,0,4105501,105,0,0,0,0,0,0,5,0,0,0,4105501,0,0,0,0,0,0,0,0,0,0,0,0,0,0,0,残坏战斧 施莱恩,468,0,0,0,0,0,0,0
0,用木材削制而成的简易弓。轻便易执\n，非常适合初学弓术的人使用。,50,0,0,0,0,0,0,0,0,106,0,0,0,0,0,0,1,0,0,0,4106101,0,0,0,0,0,0,0,0,0,0,0,0,0,0,0,木弓,200,0,0,0,0,0,0,0
0,由兽骨和铁组合而成的合成弓。\n其坚韧性和弹性造就了理想的弓身\n平衡，不要求使用者的技术，\n在任何人手里都能够稳定地发挥性能,80,0,0,0,0,0,0,0,0,106,0,0,0,0,0,0,2,0,0,0,4106201,0,0,0,0,0,0,0,0,0,0,0,0,0,0,0,复合弓,400,0,0,0,0,0,0,0
0,专门为军队大量生产的铁制十字弩。\n瞄准性稳定，被新兵和老手广泛使用\n。,40,0,0,0,0,0,0,0,0,106,0,0,0,0,0,0,2,0,0,20,4106202,0,0,0,0,0,0,0,0,0,100,0,0,0,0,0,钢铁十字弩,200,0,0,0,0,0,0,0
0,弓身上有着多根弦的特殊弓。不仅\n可以射箭，还能演奏音乐，其音色\n能使听者战意高涨。,40,0,0,0,0,0,0,0,0,106,0,0,40,200,0,0,2,0,0,0,4106203,0,0,0,0,0,0,0,0,0,0,0,0,0,0,0,竖琴弓,200,0,0,0,0,0,0,0
0,工匠用散发着七彩光芒的矿石\n加工而成的弓。矿石内蕴藏的力量\n会随持有者对他人的深厚情感而增强\n使其能够射出更加精准的箭矢。,80,0,0,0,0,0,0,0,0,106,0,0,0,0,0,0,2,0,0,0,4106251,0,0,0,0,0,0,0,0,0,0,0,0,0,0,0,【行会】射手的愿望,400,0,0,0,1,0,0,0
0,能让人联想到勇猛白马的战弓。是专\n门为擅长骑兵战的骑士定制的装备，\n设计注重于能快速拉扯弓弦的性能。,117,0,0,0,0,0,0,0,4106301,106,0,0,0,0,0,0,3,0,0,0,4106301,0,0,0,0,0,0,0,0,0,0,0,0,0,0,0,白马战弓,700,0,0,0,0,0,0,0
0,曾有一位以森林作为据点的义贼，\n这就是其使用的十字弩。据说哪怕是\n在密林之中，它的每一箭也不会\n错失目标，定能将其射穿。,50,0,0,0,0,0,0,0,4106302,106,0,0,0,0,0,0,3,0,0,50,4106302,0,0,0,0,0,0,0,0,0,300,0,0,0,0,0,绿林弩,300,0,0,0,0,0,0,0
0,用大量纯金制成的昂贵多弦弓。\n据称，此弓奏出的旋律与黄金等价，\n能鼓舞战场上的所有士兵。,67,0,0,0,0,0,0,0,4106303,106,0,0,50,300,0,0,3,0,0,0,4106303,0,0,0,0,0,0,0,0,0,0,0,0,0,0,0,黄金旋律弦弓,400,0,0,0,0,0,0,0
0,一流工匠用散发着七彩光芒的矿石\n精心加工而成的弓。弦中蕴含着\n人们的情谊之力，能够射出\n足以贯穿一切铠甲的强力箭矢。,117,0,0,0,0,0,0,0,0,106,0,0,0,0,0,0,3,0,0,0,4106351,0,0,0,0,0,0,0,0,0,0,0,0,0,0,0,【行会】射手的希望,700,0,0,0,1,0,0,0
0,集古代精灵魔法之大成制成的魔法弓\n。借助风精灵的力量，仅是射出一箭\n，便能够横扫树木，犁开大地。,150,0,0,0,0,0,0,0,4106401,106,0,0,0,0,0,0,4,0,0,0,4106401,0,0,0,0,0,0,0,0,0,0,0,0,0,0,0,疾风弓旋风,900,0,0,0,0,0,0,0
0,创世树托付给一位骑空士的弓。\n此弓会将射穿的猎物化为食粮，\n即便是在不同的天空之下，\n它的花朵也会悄然盛放。,200,0,0,0,0,0,0,0,4106402,106,0,0,0,0,0,0,4,0,0,0,4106402,0,0,0,0,0,1,0,0,0,0,0,0,0,0,0,世界树的藤弓·玛格纳,800,0,0,0,0,0,0,0
0,击破霸瞳皇帝残响的勇者，\n将被授予此弓。被囚于牢狱的神狐\n持续冥想，逐渐认知到那已膨胀的\n自我与世界之间的边界。,468,0,0,0,0,0,0,0,4106501,106,1,0,0,0,0,0,5,0,0,0,4106501,0,0,0,0,0,0,0,0,0,0,0,0,0,0,0,霸瞳神弓 天之麻迦古弓,468,0,0,0,0,0,0,0
0,装有多块锋利石头的战斗拳套。起初\n是不良分子在斗殴中使用的武器。具\n有不可小觑的威力。,50,0,0,0,0,0,0,0,0,107,0,0,0,0,0,0,1,0,0,0,4107101,0,0,0,0,0,0,0,0,0,0,0,0,0,0,0,石制拳套,200,0,0,0,0,0,0,0
0,主要由士兵和骑士佩戴。\n由工匠精心打造而成，\n佩戴起来也不会妨碍手指动作，\n可以自如地挥舞武器。,80,0,0,0,0,0,0,0,0,107,0,0,0,0,0,0,2,0,0,0,4107201,0,0,0,0,0,0,0,0,0,0,0,0,0,0,0,兵队手甲,400,0,0,0,0,0,0,0
0,铁制的拳爪，设计目的是给敌人造成\n切割伤害。通过将拳头与刃片融为一\n体，能让使用者利用格斗技巧发动斩\n击。,40,0,0,0,0,0,0,0,0,107,0,0,0,0,0,0,2,0,0,20,4107202,0,0,0,0,0,0,0,0,0,100,0,0,0,0,0,钢铁拳爪,200,0,0,0,0,0,0,0
0,主要由铜制成的手甲。\n耐腐蚀性很强，在潮湿环境中\n比铁制品更受人欢迎。,40,0,0,0,0,0,0,0,0,107,0,0,0,0,0,0,2,0,0,0,4107203,0,0,0,0,40,0,0,200,0,0,0,0,0,0,0,青铜手甲,200,0,0,0,0,0,0,0
0,工匠用散发着七彩光芒的矿石\n加工而成的手甲。矿石内蕴藏的力量\n会随持有者对他人的深厚情感而增强\n使其放出能够粉碎困难的拳击。,80,0,0,0,0,0,0,0,0,107,0,0,0,0,0,0,2,0,0,0,4107251,0,0,0,0,0,0,0,0,0,0,0,0,0,0,0,【行会】格斗者的愿望,400,0,0,0,1,0,0,0
0,据说是某位十分残暴的将军所佩戴的\n手甲。其凸起部分增强了殴打的威力\n，可以无情粉碎普通的铠甲。,117,0,0,0,0,0,0,0,4107301,107,0,0,0,0,0,0,3,0,0,0,4107301,0,0,0,0,0,0,0,0,0,0,0,0,0,0,0,残暴拳套,700,0,0,0,0,0,0,0
0,附有邪恶的魔力的拳爪。能够轻易\n撕裂铠甲，给敌人造成致命的伤害，\n该武器也由此被称作恶魔的召见。,84,0,0,0,0,0,0,0,4107302,107,0,0,0,0,0,0,3,0,0,17,4107302,0,0,0,0,0,0,0,0,0,100,0,0,0,0,0,恶魔之手,500,0,0,0,0,0,0,0
0,某位贵公子为了战斗而定制的装备。\n专注于防御斩击，它具备的坚固性\n足以折断挥下的刀刃。,67,0,0,0,0,0,0,0,4107303,107,0,0,0,0,0,0,3,0,0,0,4107303,0,0,0,0,50,0,0,300,0,0,0,0,0,0,0,卓越手甲,400,0,0,0,0,0,0,0
0,一流工匠用散发着七彩光芒的矿石\n精心加工而成的手甲。借由人们的\n情谊之力，使用者穿阿戴它时，拳击\n的速度能够超越音速，击碎任何敌人,117,0,0,0,0,0,0,0,0,107,0,0,0,0,0,0,3,0,0,0,4107351,0,0,0,0,0,0,0,0,0,0,0,0,0,0,0,【行会】武僧的勇气,700,0,0,0,1,0,0,0
0,追求究极拳法的铁拳。传说中的\n工匠和魔法师倾尽所有技艺，\n让它实现了能够一拳击败所有魔物，\n让其升天的威力。,150,0,0,0,0,0,0,0,4107401,107,0,0,0,0,0,0,4,0,0,0,4107401,0,0,0,0,0,0,0,0,0,0,0,0,0,0,0,天国之拳,900,0,0,0,0,0,0,0
0,只有经受过严苛修行的人才能拥有的\n护手。一旦穿戴，体内就会充盈\n精灵之力，那散发着金光的拳头能够\n穿透任何岩石。,200,0,0,0,0,0,0,0,4107402,107,0,0,0,0,0,0,4,0,0,0,4107402,0,0,0,0,0,1,0,0,0,0,0,0,0,0,0,修武之护手,800,0,0,0,0,0,0,0
0,此拳套托付给了超越高贵龙战士残火\n的勇者。其勇猛之拳能赋予使用者连\n英雄都能毁灭的刚力，化为击碎灰色\n宿命的勇者之斗志。,468,0,0,0,0,0,0,0,4107501,107,1,0,0,0,0,0,5,0,0,0,4107501,0,0,0,0,0,0,0,0,0,0,0,0,0,0,0,残炎拳套 菲亚·德拉赫,468,0,0,0,0,0,0,0
0,见习骑士在训练中使用的木盾。\n初出茅庐的骑士会刻苦训练，\n即使把这面盾牌用坏。,0,0,0,0,0,0,0,0,0,108,0,0,0,0,0,0,1,0,0,0,4108101,0,0,0,0,0,0,50,0,0,0,0,0,0,0,0,木盾,0,0,0,0,0,0,0,200
0,普通骑士等人员使用的简易盾牌。\n虽然价格低廉，但性能并不差，\n因此备受欢迎。,0,0,0,0,0,0,0,0,0,108,0,0,0,0,0,0,2,0,0,0,4108201,0,0,0,0,0,0,80,0,0,0,0,0,0,0,0,骑士护盾,0,0,0,0,0,0,0,400
0,有着常规性能的大盾。由于价格适中\n且易于使用，被许多冒险者所喜爱，\n并且长期使用。,0,0,0,0,0,0,0,0,0,108,0,0,0,0,0,0,2,0,0,0,4108202,0,0,0,0,60,0,20,300,0,0,0,0,0,0,0,钢铁盾牌,0,0,0,0,0,0,0,100
0,小巧且易于使用的圆盾。上手简单，\n能够精准地防御攻击，因此\n备受好评。适合中级者使用。,0,0,0,0,0,0,0,0,0,108,0,0,60,300,0,0,2,0,0,0,4108203,0,0,0,0,0,0,20,0,0,0,0,0,0,0,0,青铜圆盾,0,0,0,0,0,0,0,100
0,工匠用散发着七彩光芒的矿石\n加工而成的盾牌。矿石内蕴藏的力量\n会随持有者对他人的深厚情感而增强\n使其获得抵御强力攻击的韧度。,0,0,0,0,0,0,0,0,0,108,0,0,0,0,0,0,2,0,0,0,4108251,0,0,0,0,0,0,80,0,0,0,0,0,0,0,0,【行会】护卫的愿望,0,0,0,0,1,0,0,400
0,受到高尚骑士青睐的盾牌。使用者被\n盾牌认可时，盾牌会变得轻盈如羽毛\n若不被认可则会变得笨重如铁块，\n因此也被称为试金石盾牌。,0,0,0,0,0,0,0,0,4108301,108,0,0,0,0,0,0,3,0,0,0,4108301,0,0,0,0,0,0,117,0,0,0,0,0,0,0,0,白翼银盾,0,0,0,0,0,0,0,700
0,曾经征战过无数战场的大盾。坚固的\n盾面边缘被染成了红色，据说那是它\n屠杀过的无数魔物留下的血迹。,0,0,0,0,0,0,0,0,4108302,108,0,0,0,0,0,0,3,0,0,0,4108302,0,0,0,0,84,0,34,500,0,0,0,0,0,0,0,红莲大盾,0,0,0,0,0,0,0,200
0,使用蕴藏风之力的特殊魔石制成的圆\n盾。据说无论是对它挥剑还是射箭，\n都会被反弹回去，或是被尽数击落。,0,0,0,0,0,0,0,0,4108303,108,0,0,84,500,0,0,3,0,0,0,4108303,0,0,0,0,0,0,34,0,0,0,0,0,0,0,0,暴风护盾,0,0,0,0,0,0,0,200
0,一流工匠用散发着七彩光芒的矿石\n精心加工而成的盾牌。人们的\n情谊之力转化为坚韧度，能为使用者\n抵御任何攻击。,0,0,0,0,0,0,0,0,0,108,0,0,0,0,0,0,3,0,0,0,4108351,0,0,0,0,0,0,117,0,0,0,0,0,0,0,0,【行会】护卫的勇气,0,0,0,0,1,0,0,700
0,使用从海底发掘出的世界最大级宝石\n制成的盾牌。尽管价格昂贵，但是\n性能也更为出色，不够强力的攻击\n是无法在它的表面上留下一丝痕迹的,0,0,0,0,0,0,0,0,4108401,108,0,0,0,0,0,0,4,0,0,0,4108401,0,0,0,0,0,0,167,0,0,0,0,0,0,0,0,希望之蓝盾,0,0,0,0,0,0,0,1000
0,用一种在异国发现的极为稀有的金属\n，菲菲色金制成的盾牌。拥有与其稀\n有度相称的强度，能够抵挡任何攻击\n。,0,0,0,0,0,0,0,0,4108402,108,0,0,0,0,0,0,4,0,0,0,4108402,0,0,0,0,0,1,200,0,0,0,0,0,0,0,0,绯绯色金盾牌,0,0,0,0,0,0,0,800
0,此盾托付给了超越高贵龙战士\n残火的勇者。不屈的灵魂将化为\n能承受任何破灭的堡垒，持续构筑\n心怀纯净之勇者的未来。,0,0,0,0,0,0,0,0,4108501,108,1,0,0,0,0,0,5,0,0,0,4108501,0,0,0,0,0,0,560,0,0,0,0,0,0,0,0,残痕盾牌 绝对法则,0,0,0,0,0,0,0,560
0,橡树木制成的法杖。易于使用，\n据说即使是最伟大的魔法师，最开始\n也必须用这根法杖来学习魔法。,0,0,0,0,0,50,0,0,0,109,0,200,0,0,0,0,1,0,0,0,4109101,0,0,0,0,0,0,0,0,0,0,0,0,0,0,0,木制手杖,0,0,0,0,0,0,0,0
0,用于施展占星术体系的中级魔法的法\n杖。是初级魔法师学成后，迈向下一\n步的常用法杖，备受欢迎。,0,0,0,0,0,80,0,0,0,109,0,400,0,0,0,0,2,0,0,0,4109201,0,0,0,0,0,0,0,0,0,0,0,0,0,0,0,高阶法杖,0,0,0,0,0,0,0,0
0,专为咒术师而制作的法杖。由于\n不熟练的施术者可能会遭受自身\n施放的诅咒，因此在使用时\n需要格外小心谨慎。,0,0,0,0,0,40,0,100,0,109,0,200,0,0,0,0,2,0,0,0,4109202,0,0,0,20,0,0,0,0,0,0,0,0,0,0,0,诅咒手杖,0,0,0,0,0,0,0,0
0,亡灵巫师驱使亡灵时使用的法杖。\n由灵木的树枝制成，\n能够增强操纵灵魂的精密度。,0,0,0,0,0,60,0,0,0,109,0,300,0,0,0,0,2,0,0,0,4109203,0,0,0,0,0,0,20,0,0,0,0,0,0,0,0,亡灵巫师法杖,0,0,0,0,0,0,0,100
0,工匠用散发着七彩光芒的矿石\n加工而成的法杖。矿石内蕴藏的力量\n会随持有者对他人的深厚情感而增强\n使其能够施放更加强大的魔法。,0,0,0,0,0,80,0,0,0,109,0,400,0,0,0,0,2,0,0,0,4109251,0,0,0,0,0,0,0,0,0,0,0,0,0,0,0,【行会】巫师的愿望,0,0,0,0,1,0,0,0
0,蕴藏着狂暴风之力的法杖。能用魔力\n控制狂风，精准地横扫敌军，\n为施术者带来压倒性的胜利。,0,0,0,0,0,117,0,0,4109301,109,0,700,0,0,0,0,3,0,0,0,4109301,0,0,0,0,0,0,0,0,0,0,0,0,0,0,0,呼风唤雨之杖,0,0,0,0,0,0,0,0
0,据说法杖内封印着熊熊烈火之力。\n仅一击就足以将战场瞬间化为火海，\n使用此杖需要相当的技术。,0,0,0,0,0,84,0,100,4109302,109,0,500,0,0,0,0,3,0,0,0,4109302,0,0,0,17,0,0,0,0,0,0,0,0,0,0,0,日冕红炎手杖,0,0,0,0,0,0,0,0
0,大神官携有的圣杖。它不仅是权威的\n象征，还能驱散一切邪恶，用信仰之\n光照亮人们前进的道路。,0,0,0,0,0,84,0,0,4109303,109,0,500,0,0,0,0,3,0,0,0,4109303,0,0,0,0,0,0,34,0,0,0,0,0,0,0,0,大神官的圣杖,0,0,0,0,0,0,0,200
0,一流工匠用散发着七彩光芒的矿石\n精心加工而成的法杖。情谊之力\n凝聚在球体部分中，能够施放出\n具有极强威力的魔法。,0,0,0,0,0,117,0,0,0,109,0,700,0,0,0,0,3,0,0,0,4109351,0,0,0,0,0,0,0,0,0,0,0,0,0,0,0,【行会】巫师的希望,0,0,0,0,1,0,0,0
0,蕴藏着恒星的生命力的法杖。一挥之\n间就能引发让人联想到新星诞生的爆\n炸，用极光将敌对者化为灰烬。,0,0,0,0,0,150,0,0,4109401,109,0,900,0,0,0,0,4,0,0,0,4109401,0,0,0,0,0,0,0,0,0,0,0,0,0,0,0,蓝色新星法杖,0,0,0,0,0,0,0,0
0,在与愤怒的破坏神之战后诞生的法杖\n。能释放出烧毁现世万物的神威劫火\n。以红莲之焰将世界染成深红色。,0,0,0,0,0,200,0,0,4109402,109,0,800,0,0,0,0,4,0,0,0,4109402,0,0,0,0,0,1,0,0,0,0,0,0,0,0,0,青颈,0,0,0,0,0,0,0,0
0,击破霸瞳皇帝残响的勇者，\n将被授予此杖。为对抗终末之炎的\n降临，将凭借在孤独中积淀的力量\n挺身而出，夺回自己的信念与尊严。,0,0,0,0,0,468,0,0,4109501,109,1,468,0,0,0,0,5,0,0,0,4109501,0,0,0,0,0,0,0,0,0,0,0,0,0,0,0,霸瞳神杖 天之御柱,0,0,0,0,0,0,0,0
0,为见习魔法师准备的魔导书。\n内含基础的魔法知识，\n是入门学习的最佳书籍。,0,0,0,0,0,50,0,0,0,110,0,200,0,0,0,0,1,0,0,0,4110101,0,0,0,0,0,0,0,0,0,0,0,0,0,0,0,导引魔导书,0,0,0,0,0,0,0,0
0,收录了许多中级的攻击魔法。\n十分实用，学习起来也并不困难，\n因此被许多魔法师选来阅读。,0,0,0,0,0,80,0,0,0,110,0,400,0,0,0,0,2,0,0,0,4110201,0,0,0,0,0,0,0,0,0,0,0,0,0,0,0,黑魔女之书,0,0,0,0,0,0,0,0
0,主要记载了有关治疗魔法的知识。广\n受市民喜爱，是一本能够用来应对常\n见轻伤和疾病的书籍。,0,0,0,5,0,60,0,0,0,110,0,300,0,0,0,0,2,0,0,0,4110202,0,0,0,0,0,0,0,0,0,0,0,0,0,1,0,治愈者圣典,0,0,0,0,0,0,0,0
0,记录了各种特殊魔法的书籍。\n虽然有别于常见的知识体系，但可以\n从中学习多种专业的魔法，以此提升\n使用者的能力。,0,0,0,0,0,60,0,0,0,110,0,300,20,100,0,0,2,0,0,0,4110203,0,0,0,0,0,0,0,0,0,0,0,0,0,0,0,特殊魔法大全,0,0,0,0,0,0,0,0
0,工匠用散发着七彩光芒的矿石加工\n而成的魔导书。矿石内蕴藏的力量\n会随持有者对他人的深厚情感而增强\n使其能够施放各种各样的秘术。,0,0,0,0,0,80,0,0,0,110,0,400,0,0,0,0,2,0,0,0,4110251,0,0,0,0,0,0,0,0,0,0,0,0,0,0,0,【行会】贤者的愿望,0,0,0,0,1,0,0,0
0,镶嵌着散发不祥光芒的红宝石的\n魔导书。据说可以用它施展出强大\n的魔法，但会以施术者的生命力\n作为代价，因此使用时需要十分谨慎,0,0,0,0,0,117,0,0,4110301,110,0,700,0,0,0,0,3,0,0,0,4110301,0,0,0,0,0,0,0,0,0,0,0,0,0,0,0,赤眼的灵慧,0,0,0,0,0,0,0,0
0,书中记载了能够治愈任何伤者的\n祈祷之术。传说阅读之人能够获得\n慈爱的精神与治愈的奇迹。,0,0,0,15,0,100,0,0,4110302,110,0,600,0,0,0,0,3,0,0,0,4110302,0,0,0,0,0,0,0,0,0,0,0,0,0,3,0,救赎者的圣典,0,0,0,0,0,0,0,0
0,杰出的街头艺人留下的手记。\n书中记录了如何将魔法应用于\n街头艺术。其灵活的思维方式与\n传统的魔导书完全不同。,0,0,0,0,0,84,0,0,4110303,110,0,500,34,200,0,0,3,0,0,0,4110303,0,0,0,0,0,0,0,0,0,0,0,0,0,0,0,魔术之书,0,0,0,0,0,0,0,0
0,一流工匠用散发着七彩光芒的矿石\n精心加工而成的魔导书。它能够\n与人们的情谊之力相呼应，赋予\n使用者智慧，使其能够施展一切秘术,0,0,0,0,0,117,0,0,0,110,0,700,0,0,0,0,3,0,0,0,4110351,0,0,0,0,0,0,0,0,0,0,0,0,0,0,0,【行会】贤者的希望,0,0,0,0,1,0,0,0
0,古代王国的传说中也有提及的魔法书\n书中记载了各种属性魔法，\n据说远古时代的魔法师曾经\n运用这些魔法打败过敌军。,0,0,0,0,0,150,0,0,4110401,110,0,900,0,0,0,0,4,0,0,0,4110401,0,0,0,0,0,0,0,0,0,0,0,0,0,0,0,惊世奥秘之书,0,0,0,0,0,0,0,0
0,击破霸瞳皇帝残响的勇者，\n将被授予此典籍。在败北与失落的\n霸权尽头，究竟凝视着何物？那眸中\n所映出的未来，至今仍无法看透。,0,0,0,0,0,468,0,0,4110501,110,1,468,0,0,0,0,5,0,0,0,4110501,0,0,0,0,0,0,0,0,0,0,0,0,0,0,0,霸瞳神言 古事记,0,0,0,0,0,0,0,0
0,色彩鲜艳而备受欢迎的连衣裙。虽是\n优缺点不突出的普通服装，但透气性\n和触感备受好评。,50,0,0,0,0,0,0,0,0,201,0,0,0,0,0,0,1,0,0,0,4201101,0,0,0,0,0,0,0,0,0,0,0,0,0,0,0,流行的连衣裙,200,0,0,0,0,0,0,0
0,颜色鲜艳，引人注目的绿色外套。\n具备优异的防水性，即使在雨天\n也可以穿着，易于保养，因此\n受到多种人群的喜爱。,80,0,0,0,0,0,0,0,0,201,0,0,0,0,0,0,2,0,0,0,4201201,0,0,0,0,0,0,0,0,0,0,0,0,0,0,0,嫩叶外套,400,0,0,0,0,0,0,0
0,设计目的是让使用者融入黑夜之中。\n采用特殊纤维制成，能降低衣物的摩\n擦声，因此在盗贼群体中颇受欢迎。,20,0,0,0,0,0,0,0,0,201,0,0,0,0,0,0,2,0,0,40,4201202,0,0,0,0,0,0,0,0,0,200,0,0,0,0,0,盗贼斗篷,100,0,0,0,0,0,0,0
0,在远东国家受到许多人青睐的\n旅行服装。穿起来宽松舒适，\n遇到紧急情况也能自如地挥舞\n刀剑，因此备受好评。,0,0,0,0,0,0,0,0,0,201,0,0,0,0,0,8,2,0,0,0,4201203,0,0,0,0,0,0,0,0,0,0,2,0,0,0,0,东国的旅行服,0,0,0,0,0,0,0,0
0,工匠用散发着七彩光芒的矿石\n加工而成的衣服。据说会响应\n保护他人的决心，在旅途中为行人\n指引正确的道路。,80,0,0,0,0,0,0,0,0,201,0,0,0,0,0,0,2,0,0,0,4201251,0,0,0,0,0,0,0,0,0,0,0,0,0,0,0,【行会】旅者的荣耀,400,0,0,0,1,0,0,0
0,贵族在决斗时穿着的服装。衣服上\n华丽的装饰非常吸睛，但衣服本身\n由强大魔物的皮革制成，比普通的\n铠甲更为坚固耐用。,84,0,0,0,0,0,0,0,4201301,201,0,0,0,0,0,0,3,0,0,34,4201301,0,0,0,0,0,0,0,0,0,200,0,0,0,0,0,高贵兽皮装,500,0,0,0,0,0,0,0
0,据说是曾经轰动社会的怪盗\n穿过的服装。其华丽的装饰彰显了\n这位怪盗的自信，即使如此显眼，\n也能盗窃成功。,34,0,0,0,0,0,0,0,4201302,201,0,0,0,0,0,0,3,0,0,67,4201302,0,0,0,0,0,0,0,0,0,400,0,0,0,0,0,玫瑰之影,200,0,0,0,0,0,0,0
0,战斗用的服装，上面的粉色和蓝色\n十分惹眼。穿上以后就如同在空中\n舞动的花瓣一般，能够自如地挥舞\n刀剑，为使用者带来毫无悬念的胜利,0,0,0,0,0,0,0,0,4201303,201,0,0,0,0,0,10,3,0,0,0,4201303,0,0,0,0,34,0,0,200,0,0,2,0,0,0,0,樱花苍穹战衣,0,0,0,0,0,0,0,0
0,一流工匠用散发着七彩光芒的矿石精\n心加工而成的衣服。它能够回应想保\n护重要之人的决心，给予使用者战胜\n命运的力量。,84,0,0,0,0,0,0,0,0,201,0,0,0,0,0,0,3,0,0,34,4201351,0,0,0,0,0,0,0,0,0,200,0,0,0,0,0,【行会】旅者的命运,500,0,0,0,1,0,0,0
0,传说中在战场上保卫国王的近卫\n所穿的服饰。即便经历了激烈的战斗\n依然高贵无瑕，能够为盟友带来勇气,117,0,0,0,0,0,0,0,4201401,201,0,0,0,0,0,0,4,0,0,50,4201401,0,0,0,0,0,0,0,0,0,300,0,0,0,0,0,女近卫贵忠装,700,0,0,0,0,0,0,0
0,拥有神奇魔力的袄子。\n穿上之后可以让周围的人\n忍不住想给你红包。,84,0,0,15,0,0,0,0,4201402,201,1,0,0,0,0,0,4,0,0,0,4201402,0,0,0,0,0,1,0,0,0,0,0,0,0,3,0,年味大棉袄,500,0,0,0,0,0,0,0
0,此装束被赐予湮灭虚伪救济者\n残魂的勇者。曾以终末劫火\n笼罩世界的黑玫瑰，如今\n正向着远方的乌托邦踏出步伐。,468,0,0,0,0,0,0,0,4201501,201,1,0,0,0,0,0,5,0,0,0,4201501,0,0,0,0,0,0,0,0,0,0,0,0,0,0,0,玫瑰织衣 极乐净土,468,0,0,0,0,0,0,0
0,普通的皮革制成的铠甲。\n与铁制相比，防御力稍逊，但由于\n价格低廉且轻便，常被初出茅庐的\n冒险者选用。,0,0,0,0,0,0,0,0,0,202,0,0,0,0,0,0,1,0,0,0,4202101,0,0,0,0,50,0,0,200,0,0,0,0,0,0,0,皮革铠甲,0,0,0,0,0,0,0,0
0,覆盖全身的铁制铠甲。虽然会影响活\n动，但具备出色的耐久性，普通的魔\n物难以对穿戴者造成伤害。,0,0,0,0,0,0,0,0,0,202,0,0,0,0,0,0,2,0,0,0,4202201,0,0,0,0,80,0,0,400,0,0,0,0,0,0,0,铁制重铠甲,0,0,0,0,0,0,0,0
0,将皮革与铁板组合而成的铠甲。\n在佣兵之间非常流行，具备足够的\n强度且易于活动，因此广受好评。,0,0,0,0,0,0,0,0,0,202,0,0,0,0,0,0,2,0,0,0,4202202,0,0,0,0,0,0,80,0,0,0,0,0,0,0,0,复合板甲,0,0,0,0,0,0,0,400
0,用纯粹的铁打造而成的铠甲。\n虽然价格低廉且结构简单，但展现了\n工匠的精湛技艺，备受赞誉，\n甚至有军队订购采用。,60,0,0,5,0,0,0,0,0,202,0,0,0,0,0,0,2,0,0,0,4202203,0,0,0,0,0,0,0,0,0,0,0,0,0,1,0,纯铁铠甲,300,0,0,0,0,0,0,0
0,工匠用散发着七彩光芒的矿石\n加工而成的铠甲。据说会响应\n保护他人的决心，展现出能够抵御\n猛烈攻击的坚固性。,0,0,0,0,0,0,0,0,0,202,0,0,0,0,0,0,2,0,0,0,4202251,0,0,0,0,80,0,0,400,0,0,0,0,0,0,0,【行会】哨兵的荣耀,0,0,0,0,1,0,0,0
0,在战场上也会散发金光，十分醒目的\n铠甲。这种金光是经过魔法加工产生\n的，具有把身体素质提升至极限的效\n果。,0,0,0,0,0,0,0,0,4202301,202,0,0,0,0,0,0,3,0,0,0,4202301,0,0,0,0,84,0,34,500,0,0,0,0,0,0,0,黄金战士铠甲,0,0,0,0,0,0,0,200
0,被醒目的深红宝石所点缀的神圣铠甲\n传说铠甲中寄宿着忠诚于祖国的\n骑士之魂，穿戴者能够施展\n一击毙敌的剑术。,34,0,0,0,0,0,0,0,4202302,202,0,0,0,0,0,0,3,0,0,0,4202302,0,0,0,0,0,0,84,0,0,0,0,0,0,0,0,圣骑士铠甲,200,0,0,0,0,0,0,500
0,附有风魔法的铠甲。穿戴此铠甲的战\n士拥有敏捷的身手，能够像鹰一般在\n战场中翱翔，躲避任何攻击。,84,0,0,15,0,0,0,0,4202303,202,0,0,0,0,0,0,3,0,0,0,4202303,0,0,0,0,0,0,0,0,0,0,0,0,0,3,0,翠鹰之铠,500,0,0,0,0,0,0,0
0,一流工匠用散发着七彩光芒的矿石\n精心加工而成的铠甲。它能够\n回应想保护重要之人的决心，展现出\n如要塞般坚固的特性。,0,0,0,0,0,0,0,0,0,202,0,0,0,0,0,0,3,0,0,0,4202351,0,0,0,0,84,0,34,500,0,0,0,0,0,0,0,【行会】哨兵的命运,0,0,0,0,1,0,0,200
0,某位为自由奋斗的英雄所穿的铠甲\n就如无人能支配天空那样，\n穿戴这件铠甲的人也不会\n屈服于任何事物。,0,0,0,0,0,0,0,0,4202401,202,0,0,0,0,0,0,4,0,0,0,4202401,0,0,0,0,117,0,67,700,0,0,0,0,0,0,0,自由苍空之铠,0,0,0,0,0,0,0,400
0,此铠甲被赐予湮灭虚伪救济者\n残魂的勇者。历经世界无数次\n轮回的黑玫瑰，只为一人许下\n无尽的恩宠之约。,468,0,0,0,0,0,0,0,4202501,202,1,0,0,0,0,0,5,0,0,0,4202501,0,0,0,0,0,0,0,0,0,0,0,0,0,0,0,玫瑰彩铠 圣礼,468,0,0,0,0,0,0,0
0,祈祷师在初学阶段所穿的服装。\n具有增强魔力的效果，\n对于新手祈祷师来说是重要的装备。,0,0,0,0,0,50,0,0,0,203,0,200,0,0,0,0,1,0,0,0,4203101,0,0,0,0,0,0,0,0,0,0,0,0,0,0,0,治愈者长袍,0,0,0,0,0,0,0,0
0,注重于增强穿戴者魔力的服装。\n由宝石装饰，能够强化魔法，\n让使用者施放出更强大的攻击。,0,0,0,0,0,80,0,0,0,203,0,400,0,0,0,0,2,0,0,0,4203201,0,0,0,0,0,0,0,0,0,0,0,0,0,0,0,魔法礼裙,0,0,0,0,0,0,0,0
0,远东国度的巫女所穿的法衣。\n穿上以后神圣的灵气会覆盖全身，\n保护穿戴者免受邪恶魔力的侵害。,0,0,0,0,0,0,0,0,0,203,0,0,80,400,0,0,2,0,0,0,4203202,0,0,0,0,0,0,0,0,0,0,0,0,0,0,0,巫女的法衣,0,0,0,0,0,0,0,0
0,充满高贵感的纯白色礼服。贵族女性\n常穿着出现在舞会等场合，服装的设\n计能给人留下清纯的印象。,0,0,0,5,0,60,0,0,0,203,0,300,0,0,0,0,2,0,0,0,4203203,0,0,0,0,0,0,0,0,0,0,0,0,0,1,0,珍珠礼裙,0,0,0,0,0,0,0,0
0,工匠用散发着七彩光芒的矿石\n加工而成的法衣。据说会响应\n保护他人的决心，给予使用者\n治愈伤者的力量。,0,0,0,0,0,80,0,0,0,203,0,400,0,0,0,0,2,0,0,0,4203251,0,0,0,0,0,0,0,0,0,0,0,0,0,0,0,【行会】牧师的荣耀,0,0,0,0,1,0,0,0
0,居住在森林中的精灵利用丰富的知识\n制作而成的长袍。能够吸收大自然中\n的魔力，将其返还给穿戴者。,0,0,0,0,0,84,0,200,4203301,203,0,500,0,0,0,0,3,0,0,0,4203301,0,0,0,34,0,0,0,0,0,0,0,0,0,0,0,精灵长袍,0,0,0,0,0,0,0,0
0,为了步入盛放莲花之地，向神明\n宣誓而穿着的服装。誓言换得的庇佑\n能保护穿戴者免受各种灾祸侵袭。,0,0,0,0,0,34,0,0,4203302,203,0,200,84,500,0,0,3,0,0,0,4203302,0,0,0,0,0,0,0,0,0,0,0,0,0,0,0,莲花宣誓之服,0,0,0,0,0,0,0,0
0,专为使用恢复魔法的人设计的服装。\n寄托着希望清澈的心灵能够\n拯救伤者的愿望，使穿戴者能够进行\n迅速有效的治疗。,0,0,0,15,0,84,0,0,4203303,203,0,500,0,0,0,0,3,0,0,0,4203303,0,0,0,0,0,0,0,0,0,0,0,0,0,3,0,神圣援助之服,0,0,0,0,0,0,0,0
0,一流工匠用散发着七彩光芒的矿石\n精心加工而成的法衣。它能够\n回应想保护重要之人的决心，引发\n治愈重伤者的奇迹。,0,0,0,0,0,84,0,200,0,203,0,500,0,0,0,0,3,0,0,0,4203351,0,0,0,34,0,0,0,0,0,0,0,0,0,0,0,【行会】牧师的命运,0,0,0,0,1,0,0,0
0,由千万人的和平祈祷形成的长袍。\n这份纯粹的祈愿带来的庇佑\n能够极大地增强祈祷的效果。,0,0,0,0,0,117,0,300,4203401,203,0,700,0,0,0,0,4,0,0,0,4203401,0,0,0,50,0,0,0,0,0,0,0,0,0,0,0,福音装无瑕演奏者,0,0,0,0,0,0,0,0
0,使用蕴藏魔力的绯金丝与\n雪纹布料制成的礼裙。\n不仅能抵御袭来的魔力冲击，\n还会将祝福与好运回馈给身边之人。,0,0,0,15,0,84,0,0,4203402,203,1,500,0,0,0,0,4,0,0,0,4203402,0,0,0,0,0,1,0,0,0,0,0,0,0,3,0,雪映绯金礼裙,0,0,0,0,0,0,0,0
0,此法袍被赐予湮灭虚伪救济者\n残魂的勇者。自沉睡中苏醒的\n黑玫瑰，将为所爱之人，动用\n神圣管理者权限的残存力量。,0,0,0,0,0,468,0,0,4203501,203,1,468,0,0,0,0,5,0,0,0,4203501,0,0,0,0,0,0,0,0,0,0,0,0,0,0,0,玫瑰天装 天界礼装,0,0,0,0,0,0,0,0
0,专为勤奋学习的魔法师设计的服装。\n具有辅助控制魔力的效果，是新手魔\n法师安全研究魔法所必备的装备。,0,0,0,0,0,50,0,0,0,204,0,200,0,0,0,0,1,0,0,0,4204101,0,0,0,0,0,0,0,0,0,0,0,0,0,0,0,初学者长袍,0,0,0,0,0,0,0,0
0,为远离尘世，专注于钻研魔法的人\n设计的服装。使用特殊的材料制成，\n能够提升魔力，使穿戴者\n可以使用更高级的魔法。,0,0,0,0,0,80,0,0,0,204,0,400,0,0,0,0,2,0,0,0,4204201,0,0,0,0,0,0,0,0,0,0,0,0,0,0,0,隐士长袍,0,0,0,0,0,0,0,0
0,研究者穿着的长袍。选用厚实的布料\n制成，在处理危险的化学药品时，\n穿戴它会更加安全。,0,0,0,0,0,60,0,100,0,204,0,300,0,0,0,0,2,0,0,0,4204202,0,0,0,20,0,0,0,0,0,0,0,0,0,0,0,探求者长袍,0,0,0,0,0,0,0,0
0,气质庄重的长裙。布料色彩典雅，\n适合穿着参加各种仪式。,0,0,0,0,2,40,0,0,0,204,0,200,0,0,0,0,2,0,0,0,4204203,0,0,0,0,0,0,0,0,0,0,0,0,0,0,0,古典长裙,0,10,0,0,0,0,0,0
0,工匠用散发着七彩光芒的矿石\n加工而成的魔装。据说会响应\n保护他人的决心，唤醒使用者\n施展魔法的天赋。,0,0,0,0,0,80,0,0,0,204,0,400,0,0,0,0,2,0,0,0,4204251,0,0,0,0,0,0,0,0,0,0,0,0,0,0,0,【行会】巫师的荣耀,0,0,0,0,1,0,0,0
0,操纵亡灵的魔女穿戴的长袍。有关\n它的制作方法，耸人听闻的传闻颇多\n据说穿戴后虽能获得强大的魔力，\n却也会受到亡者的诅咒。,0,0,0,0,0,100,0,100,4204301,204,0,600,0,0,0,0,3,0,0,0,4204301,0,0,0,17,0,0,0,0,0,0,0,0,0,0,0,墓地魔女长袍,0,0,0,0,0,0,0,0
0,据说寄宿有恶魔的长袍。穿上后仿佛\n能听到邪恶的低语声，但遵循它\n就能轻松驾驭高级的魔法。,0,0,0,0,0,67,0,200,4204302,204,0,400,0,0,0,0,3,0,0,0,4204302,0,0,0,34,0,0,0,0,0,0,0,0,0,0,0,恶魔命令之袍,0,0,0,0,0,0,0,0
0,在贵族裙装中堪称顶级的款式。无数\n美丽的装饰如同优雅绽放的花朵，让\n观者陶醉其中。,0,0,0,0,2,84,0,0,4204303,204,0,500,0,0,0,0,3,0,0,0,4204303,0,0,0,0,0,0,0,0,0,0,0,0,0,0,0,哥特鸢尾礼裙,0,10,0,0,0,0,0,0
0,一流工匠用散发着七彩光芒的矿石精\n心加工而成的魔装。它能够回应想保\n护重要之人的决心，唤醒使用者施放\n任何魔法的力量。,0,0,0,0,0,100,0,100,0,204,0,600,0,0,0,0,3,0,0,0,4204351,0,0,0,17,0,0,0,0,0,0,0,0,0,0,0,【行会】巫师的命运,0,0,0,0,1,0,0,0
0,传说能夺走月亮与星辰之光的礼裙。\n能够吸收周围的光芒，\n转化为无穷的魔力供应给使用者。,0,0,0,0,0,134,0,200,4204401,204,0,800,0,0,0,0,4,0,0,0,4204401,0,0,0,34,0,0,0,0,0,0,0,0,0,0,0,无尽蚀月礼裙,0,0,0,0,0,0,0,0
0,此礼裙被赐予湮灭虚伪救济者\n残魂的勇者。跨越了近乎永恒的\n幽禁，黑玫瑰将继续朝着\n崭新的未来前进。,0,0,0,0,0,468,0,0,4204501,204,1,468,0,0,0,0,5,0,0,0,4204501,0,0,0,0,0,0,0,0,0,0,0,0,0,0,0,玫瑰夜装 伊奥尼俄斯,0,0,0,0,0,0,0,0
0,工匠精心打造的流行款戒指。能搭配\n各种服饰，广受众多人群的欢迎。,30,0,0,0,0,0,0,0,0,301,0,0,0,0,0,0,1,0,0,0,4301101,0,0,0,0,0,0,0,0,0,0,0,0,0,0,0,木雕戒指,150,0,0,0,0,0,0,0
0,被施展过魔法，能增强肌肉力量\n的戒指。虽然是为战士打造的装备\n但从事重体力劳动工作的市民\n也对它需求颇多。,60,0,0,0,0,0,0,0,0,301,0,0,0,0,0,0,2,0,0,0,4301201,0,0,0,0,0,0,0,0,0,0,0,0,0,0,0,力量戒指,300,0,0,0,0,0,0,0
0,被施展过魔法，能让使用者的攻击更\n加精准的戒指。因其特性而受到弓兵\n的青睐。,40,0,0,0,0,0,0,0,0,301,0,0,0,0,0,0,2,0,0,20,4301202,0,0,0,0,0,0,0,0,0,100,0,0,0,0,0,暴击戒指,200,0,0,0,0,0,0,0
0,工匠用散发着七彩光芒的矿石精心加\n工而成的戒指。能够响应想守护他人\n的强烈愿望，为持有者带来幸运。,60,0,0,0,0,0,0,0,0,301,0,0,0,0,0,0,2,0,0,0,4301251,0,0,0,0,0,0,0,0,0,0,0,0,0,0,0,【行会】贤人的睿智,300,0,0,0,1,0,0,0
0,曾被格斗之王佩戴，据说本人的灵魂\n也转移其中的戒指。仅需要戴在指间\n就能获得足以碾碎岩石的超凡力量，\n强大到无可匹敌。,84,0,0,0,0,0,0,0,4301301,301,0,0,0,0,0,0,3,0,0,0,4301301,0,0,0,0,0,0,0,0,0,0,0,0,0,0,0,冠军戒指,500,0,0,0,0,0,0,0
0,据说这枚戒指蕴含着熊熊燃烧的火焰\n之力。戴上后，体内会涌出如同沸腾\n一般的活力，发挥出足以克服任何困\n难的强大力量。,60,0,0,0,0,0,0,0,4301302,301,0,0,0,0,0,0,3,0,0,20,4301302,0,0,0,0,0,0,0,0,0,100,0,0,0,0,0,炽热戒指,300,0,0,0,0,0,0,0
0,一流工匠用散发着七彩光芒的矿石精\n心加工而成的戒指。它能够回应想保\n护所爱之人的决心，为世间带来繁荣\n。,84,0,0,0,0,0,0,0,0,301,0,0,0,0,0,0,3,0,0,0,4301351,0,0,0,0,0,0,0,0,0,0,0,0,0,0,0,【行会】贤人的智慧,500,0,0,0,1,0,0,0
0,人类与精灵缔结契约时使用的戒指。\n据说只要为精灵而战，\n佩戴者将获得排除万难之力。,117,0,0,0,0,0,0,0,4301401,301,0,0,0,0,0,0,4,0,0,0,4301401,0,0,0,0,0,0,0,0,0,0,0,0,0,0,0,闪耀契约之戒,700,0,0,0,0,0,0,0
0,在《阿斯特朗传奇》开发初期，\n为用于测试而制作的戒指型装备。\n作为性能上限测试装备，\n能大幅提升火属性攻击力。,267,0,0,0,0,0,0,0,4301511,301,1,0,0,0,0,0,5,1,0,0,4301511,0,0,0,0,0,0,0,0,0,0,0,0,0,0,0,黎明火轮α赞颂,267,0,0,0,0,0,0,0
0,在《阿斯特朗传奇》开发初期，\n为用于测试而制作的戒指型装备。\n作为性能上限测试装备，\n能大幅提升水属性攻击力。,267,0,0,0,0,0,0,0,4301512,301,1,0,0,0,0,0,5,2,0,0,4301512,0,0,0,0,0,0,0,0,0,0,0,0,0,0,0,黎明水轮α赞颂,267,0,0,0,0,0,0,0
0,在《阿斯特朗传奇》开发初期，\n为用于测试而制作的戒指型装备。\n作为性能上限测试装备，\n能大幅提升风属性攻击力。,267,0,0,0,0,0,0,0,4301513,301,1,0,0,0,0,0,5,3,0,0,4301513,0,0,0,0,0,0,0,0,0,0,0,0,0,0,0,黎明风轮α赞颂,267,0,0,0,0,0,0,0
0,在《阿斯特朗传奇》开发初期，\n为用于测试而制作的戒指型装备。\n作为性能上限测试装备，\n能大幅提升光属性攻击力。,267,0,0,0,0,0,0,0,4301514,301,1,0,0,0,0,0,5,4,0,0,4301514,0,0,0,0,0,0,0,0,0,0,0,0,0,0,0,黎明光轮α赞颂,267,0,0,0,0,0,0,0
0,在《阿斯特朗传奇》开发初期，\n为用于测试而制作的戒指型装备。\n作为性能上限测试装备，\n能大幅提升暗属性攻击力。,267,0,0,0,0,0,0,0,4301515,301,1,0,0,0,0,0,5,5,0,0,4301515,0,0,0,0,0,0,0,0,0,0,0,0,0,0,0,黎明暗轮α赞颂,267,0,0,0,0,0,0,0
0,装饰着玻璃珠的木制手环。\n寄托了希望佩戴者无病无灾的愿望，\n常被市民选作礼物。,0,0,0,0,0,0,0,0,0,302,0,0,0,0,0,0,1,0,0,0,4302101,0,0,0,0,0,0,30,0,0,0,0,0,0,0,0,木制铜环,0,0,0,0,0,0,0,150
0,在纯金手环上镶嵌了宝石的奢华配饰\n。拥有它被视为一种身份象征，能够\n增强持有者的胆识。,0,0,0,0,0,0,0,0,0,302,0,0,0,0,0,0,2,0,0,0,4302201,0,0,0,0,0,0,60,0,0,0,0,0,0,0,0,黄金脚环,0,0,0,0,0,0,0,300
0,在实战中兼有防具功能的手镯。\n手镯不仅本身坚固，还能通过魔法\n提升佩戴者的防御能力。,0,0,0,0,0,0,0,0,0,302,0,0,0,0,0,0,2,0,0,0,4302202,0,0,0,0,60,0,0,300,0,0,0,0,0,0,0,战士手镯,0,0,0,0,0,0,0,0
0,工匠用散发着七彩光芒的矿石精心加\n工而成的手镯。能够响应想守护他人\n的强烈愿望，为持有者带来神圣的庇\n佑。,0,0,0,0,0,0,0,0,0,302,0,0,0,0,0,0,2,0,0,0,4302251,0,0,0,0,0,0,60,0,0,0,0,0,0,0,0,【行会】主教的睿智,0,0,0,0,1,0,0,300
0,使用蕴含了大自然魔力的宝石制成的\n手环。佩戴者能从中获取树木与\n大地的力量，减少在各种灾害中\n受伤的可能。,0,0,0,0,0,0,0,0,4302301,302,0,0,0,0,0,0,3,0,0,0,4302301,0,0,0,0,0,0,84,0,0,0,0,0,0,0,0,自然之息手镯,0,0,0,0,0,0,0,500
0,由某位参与过各种战役，积累了众多\n财富的佣兵团长所拥有的手镯。虽然\n引人注目的奢华设计十分显眼，但\n施加的魔法也赋予了它十足的防御力,0,0,0,0,0,0,0,0,4302302,302,0,0,0,0,0,0,3,0,0,0,4302302,0,0,0,0,84,0,0,500,0,0,0,0,0,0,0,佣兵的荣耀,0,0,0,0,0,0,0,0
0,一流工匠用散发着七彩光芒的矿石精\n心加工而成的手镯。它能够回应想保\n护所爱之人的决心，给予使用者驱除\n邪恶的圣光之力。,0,0,0,0,0,0,0,0,0,302,0,0,0,0,0,0,3,0,0,0,4302351,0,0,0,0,0,0,84,0,0,0,0,0,0,0,0,【行会】主教的智慧,0,0,0,0,1,0,0,500
0,记载着远古历史的手镯。当它受到\n询问，表面就会浮现出文字，\n赋予持有者已经失传的知识，\n成为其开拓未来的助力。,0,0,0,0,0,0,0,0,4302401,302,0,0,0,0,0,0,4,0,0,0,4302401,0,0,0,0,0,0,117,0,0,0,0,0,0,0,0,神圣遗赐追忆轮,0,0,0,0,0,0,0,700
0,在《阿斯特朗传奇》开发初期，\n为用于测试而制作的手镯型装备。\n作为性能上限测试装备，\n能大幅提升火属性攻击力。,0,0,0,0,0,0,0,0,4302511,302,1,0,0,0,0,0,5,1,0,0,4302511,0,0,0,0,0,0,267,0,0,0,0,0,0,0,0,黎明火环α主宰,0,0,0,0,0,0,0,267
0,在《阿斯特朗传奇》开发初期，\n为用于测试而制作的手镯型装备。\n作为性能上限测试装备，\n能大幅提升水属性攻击力。,0,0,0,0,0,0,0,0,4302512,302,1,0,0,0,0,0,5,2,0,0,4302512,0,0,0,0,0,0,267,0,0,0,0,0,0,0,0,黎明水环 α主宰,0,0,0,0,0,0,0,267
0,在《阿斯特朗传奇》开发初期，\n为用于测试而制作的手镯型装备。\n作为性能上限测试装备，\n能大幅提升风属性攻击力。,0,0,0,0,0,0,0,0,4302513,302,1,0,0,0,0,0,5,3,0,0,4302513,0,0,0,0,0,0,267,0,0,0,0,0,0,0,0,黎明风环 α主宰,0,0,0,0,0,0,0,267
0,在《阿斯特朗传奇》开发初期，\n为用于测试而制作的手镯型装备。\n作为性能上限测试装备，\n能大幅提升光属性攻击力。,0,0,0,0,0,0,0,0,4302514,302,1,0,0,0,0,0,5,4,0,0,4302514,0,0,0,0,0,0,267,0,0,0,0,0,0,0,0,黎明光环 α主宰,0,0,0,0,0,0,0,267
0,在《阿斯特朗传奇》开发初期，\n为用于测试而制作的手镯型装备。\n作为性能上限测试装备，\n能大幅提升暗属性攻击力。,0,0,0,0,0,0,0,0,4302515,302,1,0,0,0,0,0,5,5,0,0,4302515,0,0,0,0,0,0,267,0,0,0,0,0,0,0,0,黎明暗环 α主宰,0,0,0,0,0,0,0,267
0,由树皮编织而成的项链。作为护身符\n备受欢迎，也因为常被赠送给初次\n踏上长途旅程的旅行者而闻名。,30,0,0,0,0,0,0,0,0,303,0,0,0,0,0,0,1,0,0,0,4303101,0,0,0,0,0,0,0,0,0,0,0,0,0,0,0,树皮项链,150,0,0,0,0,0,0,0
0,镶嵌着美丽宝石的银制项链。据说有\n着驱邪的效果，适合在深夜外出时佩\n戴。,60,0,0,0,0,0,0,0,0,303,0,0,0,0,0,0,2,0,0,0,4303201,0,0,0,0,0,0,0,0,0,0,0,0,0,0,0,银项链,300,0,0,0,0,0,0,0
0,使用绿松石制成的吊坠。寄托了\n希望佩戴者身体健康的愿望，据说\n佩戴后能减少患病。,40,0,0,5,0,0,0,0,0,303,0,0,0,0,0,0,2,0,0,0,4303202,0,0,0,0,0,0,0,0,0,0,0,0,0,1,0,绿松石吊坠,200,0,0,0,0,0,0,0
0,工匠用散发着七彩光芒的矿石精心加\n工而成的项链。能够响应想守护他人\n的强烈愿望，显现出不可思议的力量\n。,60,0,0,0,0,0,0,0,0,303,0,0,0,0,0,0,2,0,0,0,4303251,0,0,0,0,0,0,0,0,0,0,0,0,0,0,0,【行会】法师的睿智,300,0,0,0,1,0,0,0
0,串联着蓝色魔法石的项链。最初是巫\n女们供奉给天空的装饰品，据说能赐\n予虔诚祈祷的人星星的庇佑。,67,0,0,0,0,0,0,0,4303301,303,0,0,0,0,0,0,3,0,0,0,4303301,0,0,0,0,0,0,0,0,0,0,0,0,0,0,0,天空项链,400,0,30,0,0,0,6,0
0,高级占卜师佩戴的项链。据说拥有读\n取命运的力量，能为迷失者指引正确\n的未来道路。,67,0,0,15,0,0,0,0,4303302,303,0,0,0,0,0,0,3,0,0,0,4303302,0,0,0,0,0,0,0,0,0,0,0,0,0,3,0,命运吊坠,400,0,0,0,0,0,0,0
0,一流工匠用散发着七彩光芒的矿石\n精心加工而成的项链。它能够\n回应想保护所爱之人的决心，引发\n令人惊奇的奇迹。,67,0,0,0,0,0,0,0,0,303,0,0,0,0,0,0,3,0,0,0,4303351,0,0,0,0,0,0,0,0,0,0,0,0,0,0,0,【行会】法师的智慧,400,0,0,0,1,0,0,0
0,听说是用不朽者的眼泪制成的项链。\n据说能让佩戴者获得改变\n凋零命运的力量。,100,0,0,15,0,0,0,0,4303401,303,0,0,0,0,0,0,4,0,0,0,4303401,0,0,0,0,0,0,0,0,0,0,0,0,0,3,0,不朽之泪,600,0,0,0,0,0,0,0
0,在《阿斯特朗传奇》开发初期，\n为用于测试而制作的项链型装备。\n作为性能上限测试装备，\n能大幅提升火属性攻击力。,267,0,0,0,0,0,0,0,4303511,303,1,0,0,0,0,0,5,1,0,0,4303511,0,0,0,0,0,0,0,0,0,0,0,0,0,0,0,黎明火装α尊荣,267,0,0,0,0,0,0,0
0,在《阿斯特朗传奇》开发初期，\n为用于测试而制作的项链型装备。\n作为性能上限测试装备，\n能大幅提升水属性攻击力。,267,0,0,0,0,0,0,0,4303512,303,1,0,0,0,0,0,5,2,0,0,4303512,0,0,0,0,0,0,0,0,0,0,0,0,0,0,0,黎明水装α尊荣,267,0,0,0,0,0,0,0
0,在《阿斯特朗传奇》开发初期，\n为用于测试而制作的项链型装备。\n作为性能上限测试装备，\n能大幅提升风属性攻击力。,267,0,0,0,0,0,0,0,4303513,303,1,0,0,0,0,0,5,3,0,0,4303513,0,0,0,0,0,0,0,0,0,0,0,0,0,0,0,黎明风装α尊荣,267,0,0,0,0,0,0,0
0,在《阿斯特朗传奇》开发初期，\n为用于测试而制作的项链型装备。\n作为性能上限测试装备，\n能大幅提升光属性攻击力。,267,0,0,0,0,0,0,0,4303514,303,1,0,0,0,0,0,5,4,0,0,4303514,0,0,0,0,0,0,0,0,0,0,0,0,0,0,0,黎明光装α尊荣,267,0,0,0,0,0,0,0
0,在《阿斯特朗传奇》开发初期，\n为用于测试而制作的项链型装备。\n作为性能上限测试装备，\n能大幅提升暗属性攻击力。,267,0,0,0,0,0,0,0,4303515,303,1,0,0,0,0,0,5,5,0,0,4303515,0,0,0,0,0,0,0,0,0,0,0,0,0,0,0,黎明暗装α尊荣,267,0,0,0,0,0,0,0
0,廉价的玻璃制水晶球。虽然只含有微\n量的魔力，但对于新手魔法师来说，\n已经是易于使用的辅助工具了。,0,0,0,0,0,30,0,0,0,304,0,150,0,0,0,0,1,0,0,0,4304101,0,0,0,0,0,0,0,0,0,0,0,0,0,0,0,玻璃珠水晶球,0,0,0,0,0,0,0,0
0,由特殊的矿石加工而成的宝珠。\n能储存大量魔力，为魔法师在战斗中\n补充力量。,0,0,0,0,0,60,0,0,0,304,0,300,0,0,0,0,2,0,0,0,4304201,0,0,0,0,0,0,0,0,0,0,0,0,0,0,0,魔术师宝珠,0,0,0,0,0,0,0,0
0,据说蕴含着破邪之力的宝石。\n实际上与魔法相性良好，常被魔法师\n用作催发魔法的触媒。,0,0,0,0,0,40,0,100,0,304,0,200,0,0,0,0,2,0,0,0,4304202,0,0,0,20,0,0,0,0,0,0,0,0,0,0,0,岩石水晶,0,0,0,0,0,0,0,0
0,工匠用散发着七彩光芒的矿石精心加\n工而成的宝石。能够响应想守护他人\n的强烈愿望，给予持有者全新的知识\n。,0,0,0,0,0,60,0,0,0,304,0,300,0,0,0,0,2,0,0,0,4304251,0,0,0,0,0,0,0,0,0,0,0,0,0,0,0,【行会】炼金术师的睿智,0,0,0,0,1,0,0,0
0,从古代遗迹中挖掘出来的宝珠。\n即使是一流的魔法师，使用时也存在\n危险性，但它蕴含的庞大魔力可以\n让使用者施展出顶尖的魔法。,0,0,0,0,0,84,0,0,4304301,304,0,500,0,0,0,0,3,0,0,0,4304301,0,0,0,0,0,0,0,0,0,0,0,0,0,0,0,远古宝珠,0,0,0,0,0,0,0,0
0,据说象征着不确定的未来的魔石。\n虽然具有大幅增强魔力的效果，\n但非常不稳定，只有优秀的魔法师\n才能驾驭。,0,0,0,0,0,60,0,100,4304302,304,0,300,0,0,0,0,3,0,0,0,4304302,0,0,0,17,0,0,0,0,0,0,0,0,0,0,0,波动星石,0,0,0,0,0,0,0,0
0,一流工匠用散发着七彩光芒的矿石精\n心加工而成的宝石。它能够回应想保\n护所爱之人的决心，给予使用者无与\n伦比的智慧。,0,0,0,0,0,84,0,0,0,304,0,500,0,0,0,0,3,0,0,0,4304351,0,0,0,0,0,0,0,0,0,0,0,0,0,0,0,【行会】炼金术师的智慧,0,0,0,0,1,0,0,0
0,据说是从冥府带到现世的宝玉。邪恶\n的龙魂在宝玉中翻腾不安。一旦释放\n，将为世间带来毁灭性的破坏。,0,0,0,0,0,117,0,0,4304401,304,0,700,0,0,0,0,4,0,0,0,4304401,0,0,0,0,0,0,0,0,0,0,0,0,0,0,0,地狱宝珠,0,0,60,0,0,0,12,0
0,在《阿斯特朗传奇》开发初期，\n为用于测试而制作的宝珠型装备。\n作为性能上限测试装备，\n能大幅提升火属性攻击力。,0,0,0,0,0,267,0,0,4304511,304,1,267,0,0,0,0,5,1,0,0,4304511,0,0,0,0,0,0,0,0,0,0,0,0,0,0,0,黎明火玉α珍品,0,0,0,0,0,0,0,0
0,在《阿斯特朗传奇》开发初期，\n为用于测试而制作的宝珠型装备。\n作为性能上限测试装备，\n能大幅提升水属性攻击力。,0,0,0,0,0,267,0,0,4304512,304,1,267,0,0,0,0,5,2,0,0,4304512,0,0,0,0,0,0,0,0,0,0,0,0,0,0,0,黎明水玉α珍品,0,0,0,0,0,0,0,0
0,在《阿斯特朗传奇》开发初期，\n为用于测试而制作的宝珠型装备。\n作为性能上限测试装备，\n能大幅提升风属性攻击力。,0,0,0,0,0,267,0,0,4304513,304,1,267,0,0,0,0,5,3,0,0,4304513,0,0,0,0,0,0,0,0,0,0,0,0,0,0,0,黎明风玉α珍品,0,0,0,0,0,0,0,0
0,在《阿斯特朗传奇》开发初期，\n为用于测试而制作的宝珠型装备。\n作为性能上限测试装备，\n能大幅提升光属性攻击力。,0,0,0,0,0,267,0,0,4304514,304,1,267,0,0,0,0,5,4,0,0,4304514,0,0,0,0,0,0,0,0,0,0,0,0,0,0,0,黎明光玉α珍品,0,0,0,0,0,0,0,0
0,在《阿斯特朗传奇》开发初期，\n为用于测试而制作的宝珠型装备。\n作为性能上限测试装备，\n能大幅提升暗属性攻击力。,0,0,0,0,0,267,0,0,4304515,304,1,267,0,0,0,0,5,5,0,0,4304515,0,0,0,0,0,0,0,0,0,0,0,0,0,0,0,黎明暗玉α珍品,0,0,0,0,0,0,0,0
0,常用于当作土特产的耳环。\n设计得朴实温馨，适合任何人佩戴。,0,0,0,0,0,30,0,0,0,305,0,150,0,0,0,0,1,0,0,0,4305101,0,0,0,0,0,0,0,0,0,0,0,0,0,0,0,木制耳环,0,0,0,0,0,0,0,0
0,模仿兽牙制成的耳环。据说能借助大\n地之力，增强佩戴者攻击魔法的威力\n。,0,0,0,0,0,60,0,0,0,305,0,300,0,0,0,0,2,0,0,0,4305201,0,0,0,0,0,0,0,0,0,0,0,0,0,0,0,兽牙耳环,0,0,0,0,0,0,0,0
0,采用鲜艳的紫色宝石制成的耳环。\n蕴藏着治愈之力，常被擅长\n回复魔法的使用者所佩戴。,0,0,0,5,0,40,0,0,0,305,0,200,0,0,0,0,2,0,0,0,4305202,0,0,0,0,0,0,0,0,0,0,0,0,0,1,0,治愈耳环,0,0,0,0,0,0,0,0
0,工匠用散发着七彩光芒的矿石精心加\n工而成的戒指。能够响应想守护与他\n人的情谊的强烈愿望，赋予持有者大\n自然的力量。,0,0,0,0,0,60,0,0,0,305,0,300,0,0,0,0,2,0,0,0,4305251,0,0,0,0,0,0,0,0,0,0,0,0,0,0,0,【行会】萨满的睿智,0,0,0,0,1,0,0,0
0,因治世有方而名留青史的君王所佩戴\n的耳饰。佩戴后能获取广博的知识和\n清晰的判断力，施展高深的魔法。,0,0,0,0,0,67,0,0,4305301,305,0,400,0,0,0,0,3,0,0,0,4305301,0,0,0,0,0,0,0,0,0,0,0,0,0,0,0,贤王的耳饰,0,0,30,0,0,0,6,0
0,拥有极强的治愈力量的耳饰。结晶的\n形状能使人们相信这是为伤者流下的\n慈母之泪。,0,0,0,15,0,67,0,0,4305302,305,0,400,0,0,0,0,3,0,0,0,4305302,0,0,0,0,0,0,0,0,0,0,0,0,0,3,0,慈母之泪,0,0,0,0,0,0,0,0
0,一流工匠用散发着七彩光芒的矿石精\n心加工而成的耳环。它能够回应想保\n护所爱之人的决心，为世间带来大自\n然的恩惠。,0,0,0,0,0,67,0,0,0,305,0,400,0,0,0,0,3,0,0,0,4305351,0,0,0,0,0,0,0,0,0,0,0,0,0,0,0,【行会】萨满的智慧,0,0,0,0,1,0,0,0
0,据说是审判过诸多罪人的审判官\n佩戴的耳饰。只要持有者忠于戒律，\n便能击退一切恶意与混乱，\n保障秩序与和平。,0,0,0,0,0,100,0,0,4305401,305,0,600,0,0,0,0,4,0,0,0,4305401,0,0,0,0,0,0,0,0,0,0,0,0,0,0,0,审判之仪,0,0,60,0,0,0,12,0
0,模仿被讨伐魔物的充满怨念的鲜红肉\n片制成的耳环。鲜艳的红色仿佛滴落\n的红血，能够勾起食欲，吸引危险的\n魔物。,0,0,0,0,0,200,0,0,4305402,305,0,500,0,0,0,0,4,0,0,0,4305402,0,0,0,0,0,1,0,0,0,0,0,0,0,0,0,怨念团块耳饰,0,0,0,0,0,0,0,0
0,【白银章鱼商会】为特殊顾客发放的\n耳环。灵感来自该商会的招牌小吃“\n章鱼烧”，是独特且性能卓越的珍品\n。,0,0,0,15,0,67,0,0,4305403,305,1,400,0,0,0,0,4,0,0,0,4305403,0,0,0,0,0,1,0,0,0,0,0,0,0,3,0,银多幸的耳环,0,0,0,0,0,0,0,0
0,在《阿斯特朗传奇》开发初期，\n为用于测试而制作的耳环型装备。\n作为性能上限测试装备，\n能大幅提升火属性攻击力。,0,0,0,0,0,267,0,0,4305511,305,1,267,0,0,0,0,5,1,0,0,4305511,0,0,0,0,0,0,0,0,0,0,0,0,0,0,0,黎明火饰α荣光,0,0,0,0,0,0,0,0
0,在《阿斯特朗传奇》开发初期，\n为用于测试而制作的耳环型装备。\n作为性能上限测试装备，\n能大幅提升水属性攻击力。,0,0,0,0,0,267,0,0,4305512,305,1,267,0,0,0,0,5,2,0,0,4305512,0,0,0,0,0,0,0,0,0,0,0,0,0,0,0,黎明水饰α荣光,0,0,0,0,0,0,0,0
0,在《阿斯特朗传奇》开发初期，\n为用于测试而制作的耳环型装备。\n作为性能上限测试装备，\n能大幅提升风属性攻击力。,0,0,0,0,0,267,0,0,4305513,305,1,267,0,0,0,0,5,3,0,0,4305513,0,0,0,0,0,0,0,0,0,0,0,0,0,0,0,黎明风饰α荣光,0,0,0,0,0,0,0,0
0,在《阿斯特朗传奇》开发初期，\n为用于测试而制作的耳环型装备。\n作为性能上限测试装备，\n能大幅提升光属性攻击力。,0,0,0,0,0,267,0,0,4305514,305,1,267,0,0,0,0,5,4,0,0,4305514,0,0,0,0,0,0,0,0,0,0,0,0,0,0,0,黎明光饰α荣光,0,0,0,0,0,0,0,0
0,在《阿斯特朗传奇》开发初期，\n为用于测试而制作的耳环型装备。\n作为性能上限测试装备，\n能大幅提升暗属性攻击力。,0,0,0,0,0,267,0,0,4305515,305,1,267,0,0,0,0,5,5,0,0,4305515,0,0,0,0,0,0,0,0,0,0,0,0,0,0,0,黎明暗饰α荣光,0,0,0,0,0,0,0,0
