hp,wave_energy_recovery,sale_price,dodge,physical_penetrate,atk,promotion_level,energy_reduce_rate,life_steal,equipment_id,description,magic_penetrate,magic_critical,magic_str,craft_flg,wave_hp_recovery,enable_donation,energy_recovery_rate,physical_critical,equipment_name,def,accuracy,magic_def,equipment_enhance_point,require_level,hp_recovery_rate
0.0,0.0,0,0.0,0.0,94.0,98,0.0,0.0,130011,日和莉所佩戴的腰带。带扣上是一只\n怒目圆睁的野兽，能够鼓舞战斗本能，\n赋予她的双拳更强的力量。,0.0,0.0,0.0,1,0.0,0,0.0,20.0,喵王腰带,0.0,0.0,0.0,0,1,0.0
0.0,0.0,0,0.0,0.0,0.0,98,0.0,0.0,130021,优衣所佩戴的发箍。上面可爱的花型\n蕾丝与装饰提高了守护同伴的治愈之\n力。,0.0,0.0,46.0,1,0.0,0,0.0,0.0,绽放希望,5.0,0.0,5.0,0,1,5.0
110.0,0.0,0,0.0,0.0,95.0,98,0.0,0.0,130031,怜经常使用的的手套。穿上这对攻守\n合一的手套所打出的每一拳，会击溃\n挡在前方的任何敌人。,0.0,0.0,0.0,1,0.0,0,0.0,0.0,盖尔手套,0.0,0.0,0.0,0,1,0.0
1000.0,0.0,0,0.0,0.0,500.0,98,0.0,0.0,130032,怜爱用的剑。与怜共同\n经历了无数战斗与形态切换，\n可以说宛如身体的一部分，\n能以超乎想象的速度与精准度驾驭。,0.0,0.0,0.0,1,0.0,0,0.0,0.0,神风之剑,30.0,0.0,30.0,0,1,0.0
0.0,0.0,0,0.0,0.0,67.0,98,0.0,0.0,130041,未奏希骄傲地将这个恶作剧盒子称为\n她的最高杰作。可不能把它当成是小\n孩子的玩具，其视觉效果和冲击的声\n音一定能让敌人吓破胆。,0.0,0.0,0.0,1,0.0,0,0.0,0.0,捣蛋礼物,6.0,0.0,2.0,0,1,0.0
130.0,0.0,0,0.0,0.0,0.0,98,0.0,0.0,130051,颁授自骑士团的勋章。茉莉非常珍惜\n它。每当看到闪闪发光的勋章，茉莉\n的正义感就会倍增，无论面对何种恶\n势力都绝不退缩。,0.0,0.0,0.0,1,0.0,0,0.0,0.0,正义勋章,9.0,0.0,8.0,0,1,0.0
0.0,0.0,0,0.0,0.0,0.0,98,0.0,0.0,130061,茜里十分珍爱的一把魔枪。武器中蕴\n藏的强大魔力，可让小恶魔华丽地变\n身成性感的魔女。,0.0,0.0,72.0,1,0.0,0,0.0,0.0,恶魔三叉戟,3.0,0.0,3.0,0,1,0.0
230.0,0.0,0,3.0,0.0,0.0,98,0.0,0.0,130071,宫子的最爱的究极布丁，个头巨大，\n而且制作细致，材料也十分讲究的。\n那无上的美味能让人将舌头都吞下去。,0.0,0.0,0.0,1,0.0,0,0.0,0.0,灵甘幽灵布丁,9.0,0.0,3.0,0,1,0.0
0.0,0.0,0,0.0,0.0,0.0,98,0.0,0.0,130081,雪很喜欢用的小粉盒。据说那闪闪发\n光的装饰，能衬托雪的魅力，对全人\n类造成很大的影响。,0.0,0.0,63.0,1,0.0,0,0.0,0.0,闪亮小粉盒,4.0,0.0,4.0,0,1,0.0
0.0,0.0,0,0.0,0.0,0.0,98,0.0,0.0,130091,疾风之冥姬所使用的魔装。凡人使用\n的瞬间就会被魔法吞噬变成废人。当\n刀刃上闪耀起不祥的深蓝色光芒时，\n黑暗将化为疾风，把愚者送入地狱。,0.0,10.0,90.0,1,0.0,0,0.0,0.0,螺旋灵击疾风飞剑,0.0,0.0,0.0,0,1,0.0
0.0,0.0,0,0.0,0.0,0.0,98,0.0,0.0,130101,可爱又绚烂的魔法杖。魔杖上被赋予\n了真步真步王国的加护，只要轻轻一\n挥，就能在释放出支援魔法的同时吹\n起一股童话般梦幻的风。,0.0,0.0,42.0,1,0.0,0,0.0,0.0,纯洁童话权杖,6.0,0.0,5.0,0,1,5.0
0.0,0.0,0,0.0,0.0,92.0,98,0.0,0.0,130111,璃乃专用的魔法箭，寄宿着炽烈的火\n焰。火焰来源于热情的内心，每一箭，\n都有着令其引以为傲的高威力，拥有\n一招制胜的潜力。,0.0,0.0,0.0,1,0.0,0,0.0,20.0,阳焰之箭,0.0,0.0,0.0,0,1,0.0
0.0,0.0,0,0.0,0.0,500.0,98,0.0,0.0,130112,璃乃爱用的鲜红色的长弓。\n轻巧且非常容易操作。\n经过日复一日的细致调整，\n已如同手脚般熟悉。,0.0,0.0,0.0,1,0.0,0,0.0,90.0,快乐姊妹弓,25.0,0.0,0.0,0,1,0.0
0.0,0.0,0,0.0,0.0,0.0,98,0.0,0.0,130121,妹妹栞亲手做来送给初音的蝴蝶结。\n星星里寄托了栞的思念，与姐姐的魔\n力相呼应能降低敌方魔法防御力。,0.0,10.0,88.0,1,0.0,0,0.0,0.0,流星☆蝴蝶结,1.0,0.0,0.0,0,1,0.0
0.0,0.0,0,0.0,0.0,0.0,98,0.0,0.0,130131,七七香挥舞着的魔法杖。它能让天才\n魔法少女的电脑发出闪光，用蕴含着\n强大魔力的魔法，攻击敌人！,0.0,15.0,90.0,1,0.0,0,0.0,0.0,七七香最强魔杖,0.0,0.0,0.0,0,1,0.0
830.0,0.0,0,0.0,0.0,0.0,98,0.0,0.0,130132,七七香佩戴的魔法假面。\n由于施有强化视力的魔法，\n即使远隔千里，宅周边以及\n邪恶都逃不过她的法眼！,0.0,0.0,0.0,1,0.0,0,0.0,0.0,七七香魔法假面,50.0,0.0,50.0,0,1,0.0
0.0,0.0,0,0.0,0.0,0.0,98,0.0,0.0,130141,香澄常用的侦探道具之一。这放大镜\n跟她一起解决了很多案件，不管是多\n细微的细节都不会错过，让对手无路\n可逃。,0.0,0.0,70.0,1,0.0,0,0.0,0.0,侦探放大镜,3.0,0.0,4.0,0,1,0.0
0.0,0.0,0,0.0,0.0,0.0,98,0.0,0.0,130151,美里所佩戴的头纱。美里的慈爱从圣\n洁的头纱之中流溢而出，振奋众人精\n神，能提升魔法暴击。,0.0,0.0,51.0,1,0.0,0,0.0,0.0,神爱头纱,3.0,0.0,7.0,0,1,3.0
0.0,0.0,0,0.0,0.0,98.0,98,0.0,0.0,130161,铃奈秘藏的口红。那鲜艳的红色兼具\n可爱与妖艳，只要涂上它，就能吸引\n所有人的目光。,0.0,0.0,0.0,1,0.0,0,2.0,0.0,决胜口红,0.0,0.0,0.0,0,1,0.0
0.0,0.0,0,0.0,0.0,700.0,98,0.0,0.0,130162,铃奈钟爱的衣服。\n穿上后似乎就会情绪高涨，\n散发出满溢的魅力气场，\n感染周围的一切。,0.0,0.0,0.0,1,0.0,0,0.0,70.0,魅力定制礼装,0.0,0.0,0.0,0,1,0.0
0.0,0.0,0,0.0,0.0,94.0,98,0.0,0.0,130171,记载着香织所施展的琉球空手道奥义\n的卷轴。据说，上面施加有特殊的法\n术，只会对高手的练气产生反应，并\n浮现出文字。,0.0,0.0,0.0,1,0.0,0,0.0,20.0,球阳唐手秘籍,0.0,0.0,0.0,0,1,0.0
0.0,0.0,0,0.0,0.0,0.0,98,0.0,0.0,130181,伊绪当作教鞭使用的鞭子。不管是多\n乏味的学业，一经伊绪之手就会变成\n甜蜜的时光。,0.0,10.0,85.0,1,0.0,0,1.0,0.0,性感之鞭,0.0,0.0,0.0,0,1,0.0
0.0,0.0,0,0.0,0.0,88.0,98,0.0,0.0,130201,美美常用的剑。美美十分喜欢它可爱\n的外观，但挥起来时，攻击范围却跟\n外观成反比，能让敌人尝到苦头。,0.0,0.0,0.0,1,0.0,0,0.0,15.0,兔兔长剑,0.0,3.0,0.0,0,1,0.0
100.0,0.0,0,0.0,0.0,0.0,98,0.0,0.0,130211,胡桃当作护身符的铃铛。从外观庄严\n的铃铛中奏出的清脆铃声，能给予怯\n懦的心灵勇气。,0.0,0.0,0.0,1,200.0,0,0.0,0.0,纯洁铃铛,8.0,0.0,8.0,0,1,0.0
0.0,0.0,0,0.0,0.0,0.0,98,0.0,0.0,130221,这把魔枪专门增幅依里的魔力。用生\n命力作为代价获得的魔力，强到一挥\n枪即可将周围化为灰烬。,0.0,10.0,85.0,1,0.0,0,0.0,0.0,恶魔之矛,0.0,0.0,1.0,0,1,0.0
0.0,0.0,0,0.0,0.0,50.0,98,0.0,0.0,130231,众所周知，这是绫音的搭档提升力量\n后的姿态。获得了强大力量后的噗吉\n的攻击能让敌人长时间失去意识。,0.0,0.0,0.0,1,0.0,0,0.0,12.0,伟大的熊王噗吉,6.0,0.0,4.0,0,1,0.0
0.0,0.0,0,0.0,0.0,0.0,98,0.0,0.0,130251,体现了服侍之心的连衣围裙。对咲恋\n的忠诚心从围裙上满溢而出，能提高\n铃莓的魔力，让敌人的物理防御力下\n降。,0.0,10.0,96.0,1,0.0,0,0.0,0.0,皇家女仆裙,0.0,0.0,0.0,0,1,0.0
0.0,0.0,0,0.0,0.0,0.0,98,0.0,0.0,130252,侍奉之心盈满而出的炙热红茶。\n即便在战斗之中，\n也能提供款待客人的笑容和\n治愈的品茶时光。,0.0,0.0,800.0,1,0.0,0,0.0,0.0,皇家女仆一滴不落,10.0,0.0,10.0,0,1,10.0
0.0,0.0,0,0.0,0.0,60.0,98,0.0,0.0,130261,这条项链装饰有传说中蕴藏有强大魔\n力的浆栎果。能增强铃所释放的魔法，\n并大幅提升周围同伴的能力。,0.0,0.0,0.0,1,0.0,0,0.0,0.0,宝石浆栎果,2.0,0.0,3.0,0,1,10.0
0.0,0.0,0,0.0,0.0,85.0,98,0.0,0.0,130271,这把灵斧能提炼惠理子那疯狂的爱意，\n能将过激的爱情转化成破坏力。每次\n挥舞斧光，便会奏响毁灭的狂想曲。,0.0,0.0,0.0,1,0.0,0,2.0,20.0,残酷之斧,0.0,0.0,0.0,0,1,0.0
25.0,0.0,0,0.0,0.0,105.0,98,0.0,0.0,130281,咲恋经常佩戴的发饰。象征着潜藏在\n她温柔内心中的坚强。当羽翼展翅之\n时，身体将不受重力束缚。,0.0,0.0,0.0,1,0.0,0,0.0,0.0,辉煌羽饰,0.0,0.0,0.0,0,1,0.0
300.0,0.0,0,1.0,0.0,0.0,98,0.0,0.0,130291,望专用的手持麦克风。可爱的蝴蝶结\n中间画着【慈乐之音】的记号。将它\n紧握在手，朝顶级偶像努力。,0.0,0.0,0.0,1,0.0,0,0.0,0.0,华丽麦克风,6.0,0.0,6.0,0,1,0.0
0.0,0.0,0,0.0,0.0,95.0,98,0.0,0.0,130301,妮侬惯用的军配团扇。鲜红的团扇所\n掀起的狂风携带着爆炎，直到将阻挡\n在前的所有事物燃烧殆尽才消逝。,0.0,0.0,0.0,1,0.0,0,0.0,15.0,红莲爆炎扇,0.0,0.0,0.0,0,1,0.0
250.0,0.0,0,0.0,0.0,64.0,98,0.0,0.0,130311,忍爱穿的灵衣，萦绕着蓝色灵力之火。\n用能被灵附身的丝线编织而成，可得\n到幽灵们的助力。,0.0,0.0,0.0,1,0.0,0,2.0,0.0,暗灵法袍,0.0,0.0,0.0,0,1,0.0
150.0,0.0,0,0.0,0.0,60.0,98,0.0,0.0,130321,秋乃佩戴在身的胸针。紫藤庐家代代\n相传的辉石，会赐予持有者高洁的精\n神和与众不同的魔力。,0.0,0.0,0.0,1,0.0,0,0.0,0.0,紫藤庐红辉石,2.0,5.0,0.0,0,1,0.0
0.0,0.0,0,0.0,0.0,85.0,98,0.0,0.0,130331,以真阳心爱的牛·伊丽莎白为原型进\n行设计的披巾。戴上吼逗哏能力增强，\n能令对方陷入混乱。,0.0,0.0,0.0,1,0.0,0,2.0,0.0,伊丽莎白披巾,1.0,0.0,1.0,0,1,0.0
0.0,0.0,0,0.0,0.0,700.0,98,0.0,0.0,130332,牧场的美味特产牛奶，\n富含满满的营养。每天饮用，\n能够强健骨骼，保持身体健康，\n让你轻松应对各种体力劳动。,0.0,0.0,0.0,1,0.0,0,0.0,70.0,特浓【牧场】牛奶,0.0,0.0,0.0,0,1,0.0
0.0,0.0,0,0.0,0.0,64.0,98,0.0,0.0,130341,由加莉不愿放下的酒杯。不管怎么喝\n都不会枯竭的生命之水渗透了持有者\n的全身，赐予其身仿佛要满溢而出的\n活力。,0.0,0.0,0.0,1,0.0,0,0.0,0.0,无尽酒杯,0.0,0.0,3.0,0,1,12.0
0.0,0.0,0,0.0,0.0,0.0,98,0.0,0.0,130361,镜华常用的魔杖。宝玉中蕴含着高阶\n水龙的力量，据说能根据不同的使用\n者来改变自己的形态。,0.0,18.0,88.0,1,0.0,0,0.0,0.0,宇宙蓝色魔杖,0.0,0.0,0.0,0,1,0.0
0.0,0.0,0,0.0,0.0,60.0,98,0.0,0.0,130371,御久间流传承的宝剑。剑身被打造得\n如同羽毛一般轻盈，与智的出招相呼\n应，掀起横扫的旋风席卷众多敌人。,0.0,0.0,0.0,1,0.0,0,0.0,24.0,天剑白岚,0.0,10.0,0.0,0,1,0.0
0.0,0.0,0,0.0,0.0,75.0,98,0.0,0.0,130381,姐姐初音亲手做来送给栞的守护石。\n其中蕴含着初音的思念，能够激起妹\n妹的勇气，让她发挥出异于平常的能\n力。,0.0,0.0,0.0,1,0.0,0,3.0,24.0,初音亲手制作的守护石,0.0,0.0,0.0,0,1,0.0
0.0,0.0,0,0.0,0.0,60.0,98,0.0,0.0,130401,碧时常戴着的贝雷帽。搭配的一对羽\n毛象征着紧密的羁绊。心中交叠着羁\n绊，碧会凭借坚强的意志击穿拦路的\n敌人。,0.0,0.0,0.0,1,0.0,0,0.0,0.0,BB团羁绊贝雷帽,5.0,0.0,5.0,0,1,0.0
0.0,0.0,0,0.0,0.0,0.0,98,0.0,0.0,130421,记载着勇气唱唤术的乐谱。凭借着千\n歌那澄澈歌声的加护，能让同伴的感\n觉变得更加敏锐，更精准地击中敌人\n的弱点。,0.0,0.0,44.0,1,0.0,0,0.0,0.0,符文音符翠灵谱,5.0,0.0,5.0,0,1,6.0
0.0,0.0,0,0.0,0.0,100.0,98,0.0,0.0,130431,寄宿着青狼灵魂的巨剑。象征着装备\n者的勇敢的一挥犹如龙卷风向敌人袭\n去，同时唤醒沉睡的力量。,0.0,0.0,0.0,1,0.0,0,0.0,12.0,狼人巨刃,0.0,0.0,0.0,0,1,0.0
0.0,0.0,0,0.0,0.0,0.0,98,0.0,1.0,130441,跟伊莉亚共同度过漫长时光的斧头。\n只要挥舞一下那闪烁着红色魔力的巨\n刃就能歼灭敌人，将飞溅的鲜血尽数\n吸收，转化为主人的食粮。,0.0,0.0,80.0,1,0.0,0,0.0,0.0,夜之牙暗斧,0.0,0.0,4.0,0,1,0.0
0.0,0.0,0,0.0,0.0,0.0,98,0.0,0.0,130451,空花使用的拘束用具兼项圈。通过封\n锁自身的行动来吸引敌人，以此享受\n着不为人知的愉悦。,0.0,0.0,0.0,1,0.0,0,0.0,0.0,愉悦项圈,7.0,0.0,9.0,0,1,12.0
0.0,0.0,0,0.0,0.0,75.0,98,0.0,0.0,130461,珠希非常珍惜的项链。使用镶嵌在鲷\n鱼烧型的小饰物上的魔石，就能获得\n快到留下残影的迅猛身手。,0.0,0.0,0.0,1,0.0,0,0.0,5.0,梦幻鲷鱼烧,0.0,0.0,5.0,0,1,0.0
0.0,0.0,0,0.0,0.0,20.0,98,0.0,0.0,130471,上下缠绕着正义的热焰的铠甲。不管\n多强力的攻击都能够阻挡住，并给予\n同伴勇气与活力。,0.0,0.0,0.0,1,0.0,0,0.0,0.0,骑士铠甲,8.0,0.0,9.0,0,1,0.0
0.0,0.0,0,0.0,0.0,75.0,98,0.0,0.0,130481,美冬爱用的长戟。每次挥动枪尖就会\n涌动水流，水之庇佑会激昂又优美地\n保护持有者。,0.0,0.0,0.0,1,0.0,0,0.0,0.0,溟龙枪利维坦,3.0,0.0,3.0,0,1,0.0
0.0,0.0,0,0.0,0.0,64.0,98,0.0,0.0,130491,静流惯用的十字剑。祈愿救助弱者的\n高洁灵魂注入剑身时，可以发动防御\n招式，守护对方。,0.0,0.0,0.0,1,0.0,0,0.0,0.0,神圣十字剑,6.0,0.0,0.0,0,1,5.0
1250.0,0.0,0,0.0,0.0,0.0,98,0.0,0.0,130492,静流爱用的面纱，蕴涵着神圣力量。\n据说当她想用那份力量守护重要之人\n时，面纱会赋予她克服一切困难的力\n量。,0.0,0.0,0.0,1,0.0,0,0.0,0.0,神圣的修女面纱,50.0,0.0,50.0,0,1,0.0
0.0,0.0,0,0.0,0.0,0.0,98,0.0,0.0,130501,这魔杖是美咲的武器兼搭档。魔杖得\n到了更高级的进化后拥有了生命，但\n可悲的是，现在它变成了化妆的实验\n品。,0.0,8.0,97.0,1,0.0,0,0.0,0.0,魔眼杖·恶魔之眼,0.0,0.0,0.0,0,1,0.0
100.0,0.0,0,0.0,0.0,80.0,98,0.0,0.0,130511,深月惯用的眼罩，上面装饰着妖艳美\n丽的蔷薇。注入魔力就会释放七彩光\n芒，衰弱对手的能力。,0.0,0.0,0.0,1,0.0,0,2.0,5.0,蔷薇诅咒,0.0,0.0,0.0,0,1,0.0
0.0,0.0,0,0.0,0.0,25.0,98,0.0,0.0,130521,我想要穿上这条裙子！这条特别定制\n的长裙承载着莉玛的梦想。怀梦少女\n的妄想力，此刻觉醒。,0.0,0.0,0.0,1,0.0,0,0.0,0.0,野心礼服,9.0,0.0,7.0,0,1,0.0
0.0,0.0,0,0.0,0.0,52.0,98,0.0,0.0,130531,莫妮卡穿着的大衣。奢华的剪裁能刺\n激追随者们的身心，大幅提升其所有\n类型的攻击力。,0.0,0.0,0.0,1,0.0,0,0.0,4.0,羽翼大衣,6.0,0.0,4.0,0,1,0.0
0.0,0.0,0,0.0,0.0,50.0,98,0.0,0.0,130541,纺希穿戴的能容纳线轴的特制随身皮\n带。能迅速从线轴中抽出魔法丝线，\n束缚敌人，在一瞬间剥夺敌人的意识。,0.0,0.0,0.0,1,0.0,0,0.0,4.0,高级定制皮带,6.0,0.0,4.0,0,1,0.0
0.0,0.0,0,0.0,0.0,14.0,98,0.0,0.0,130551,步美亲手制作的斗篷，制作时花费了\n一番功夫，穿上它就能让别人察觉不\n到自己的存在。能在不知不觉间靠近\n对方，更加接近喜欢的前辈。,0.0,0.0,0.0,1,0.0,0,0.0,0.0,跟踪用斗篷,9.0,0.0,9.0,0,1,0.0
0.0,0.0,0,0.0,0.0,20.0,98,0.0,0.0,130561,流夏佩戴的双刀。据说一旦在恶徒们\n面前抽出第二把刀·波浪丸，马上就\n能平息纷争。,0.0,0.0,0.0,1,0.0,0,0.0,0.0,真打 绝海·波浪丸,9.0,0.0,8.0,0,1,0.0
0.0,0.0,0,0.0,0.0,90.0,98,0.0,0.0,130571,立志追求极致剑道的姬塔拿在手上的\n单手剑。她在寂灭世界中自由自在地\n持续挥舞着手中的剑，不知不觉中就\n被人称为剑圣。,0.0,0.0,0.0,1,0.0,0,1.0,22.0,亚修凯隆,0.0,0.0,0.0,0,1,0.0
0.0,0.0,0,0.0,0.0,0.0,98,0.0,0.0,130581,佩可莉姆所使用的『皇家装备』的真\n正形态。本就拥有很强的力量，而今\n因沉睡之力被释放，更是被赋予了愈\n加强大的力量。,0.0,0.0,0.0,1,0.0,0,0.0,0.0,公主之剑,10.0,0.0,9.0,0,1,5.0
1500.0,0.0,0,0.0,0.0,800.0,98,0.0,0.0,130582,佩可莉姆所装备的“皇家装备”\n之一。经过无数次并肩作战，\n它仿佛与佩可莉姆融为一体，\n赋予她无与伦比的力量。,0.0,0.0,0.0,1,0.0,0,0.0,0.0,公主头冠,50.0,0.0,40.0,0,1,0.0
0.0,0.0,0,0.0,0.0,50.0,98,0.0,0.0,130591,可可萝佩戴的花饰。受到了被尊为神\n明的伟大存在的守护，花朵中飘荡出\n的温柔花香，赋予人战斗的勇气。,0.0,0.0,0.0,1,0.0,0,0.0,0.0,爱梅斯守护符,5.0,0.0,5.0,0,1,5.0
1000.0,0.0,0,0.0,0.0,0.0,98,0.0,0.0,130592,常伴可可萝身旁的风之精灵。\n虽体型娇小，但力量会随驱使人\n可可萝的成长一同增强，\n体内蕴藏着大精灵级别的力量。,0.0,0.0,0.0,1,0.0,0,2.0,0.0,可可萝的精灵,20.0,0.0,20.0,0,1,0.0
0.0,0.0,0,0.0,0.0,0.0,98,0.0,0.0,130601,凯露随身携带的魔法书。通过控制快\n要从书中喷涌而出的魔力便可以自由\n自在地操纵强大的招数。,0.0,10.0,94.0,1,0.0,0,0.0,0.0,混沌魔法书,0.0,0.0,0.0,0,1,0.0
1000.0,0.0,0,0.0,0.0,0.0,98,0.0,0.0,130602,从凯露的魔法书中溢出的\n纯粹魔力凝聚而成的物体。\n它带有混沌的特性，触碰到它的人\n会身患重病，甚至遭遇各种不测。,0.0,0.0,400.0,1,0.0,0,0.0,0.0,混沌光球,20.0,0.0,20.0,0,1,0.0
0.0,0.0,0,0.0,0.0,99.0,98,0.0,0.0,130611,矛依未贴身携带的\n胸针。她的搭档曾经将此托付给她，\n她们之间的情谊与温暖，带给她\n挥动天楼霸断剑的力量。,0.0,0.0,0.0,1,0.0,0,1.0,9.0,情谊的证明,0.0,0.0,0.0,0,1,0.0
0.0,0.0,0,0.0,0.0,95.0,98,0.0,0.0,130631,亚里莎惯用的巨弓。是在精灵之间流\n传的传说之弓，仅凭拉弓就可封住目\n标的动作，所释放的箭矢能射穿任何\n东西。,0.0,0.0,0.0,1,0.0,0,0.0,16.0,女王缇达尼亚斯,0.0,0.0,0.0,0,1,0.0
0.0,0.0,0,0.0,0.0,86.0,98,0.0,0.0,130641,雪菲让自己的剑附上冰刃后的模样。\n魔力越高威力越强，且剑身释放着冷\n气，令雪菲以外的人连握住都倍感困\n难。,0.0,0.0,0.0,1,0.0,0,1.0,25.0,冰龙剑,0.0,0.0,0.0,0,1,0.0
0.0,0.0,0,0.0,0.0,96.0,98,0.0,0.0,130651,嘉夜身上穿戴着的如同巨龙臂膀般的\n手甲。传说会根据佩戴者的激情\n喷射出业火，将敌对之人\n全部燃烧殆尽。,0.0,0.0,0.0,1,0.0,0,0.0,31.0,龙之拳,0.0,0.0,0.0,0,1,0.0
0.0,0.0,0,0.0,0.0,64.0,98,0.0,0.0,130661,祈梨爱用的锤子。与外观完全不同，\n经过帆稀的改造后，\n其强度甚至能承受住\n龙族觉醒的力量。,0.0,0.0,0.0,1,0.0,0,1.0,0.0,祈梨的小锤,0.0,10.0,0.0,0,1,0.0
0.0,0.0,0,0.0,0.0,70.0,98,0.0,0.0,130681,菈比莉斯塔解放七冠的权能时\n出现的光环。代表了迷宫女王\n本身的能力，可以直接干涉\n世界的局部地区。,0.0,0.0,0.0,1,0.0,0,3.0,50.0,女王操作台,0.0,0.0,0.0,0,1,0.0
0.0,0.0,0,0.0,0.0,0.0,98,0.0,0.0,130701,似似花爱用的法杖。用其施展的\n幻影魔法甚至会让施法对象\n完全忘记自己中了欺骗魔法这件事。\n一切都在变貌大妃的掌控之中。,0.0,14.0,91.0,1,0.0,0,1.0,0.0,幻影之杖,0.0,0.0,0.0,0,1,0.0
0.0,0.0,0,0.0,0.0,100.0,98,0.0,0.0,130711,克莉丝提娜挥舞着的大剑。经过精准\n的计算，剑尖所到之处皆无人可逃，\n都会被一刀两断，必定能获得胜利。,0.0,0.0,0.0,1,0.0,0,2.0,0.0,圣域剑阿瓦隆,0.0,0.0,0.0,0,1,0.0
0.0,0.0,0,0.0,0.0,80.0,98,1.0,0.0,130751,佩可莉姆常用的充满夏日风情的太阳\n伞利剑。她脸上绽放的笑容配合华丽\n而可爱的剑技，必定能吸引沙滩上所\n有人的目光。,0.0,0.0,0.0,1,0.0,0,0.0,25.0,伞剑沙滩公主,0.0,0.0,0.0,0,1,0.0
0.0,0.0,0,0.0,0.0,1200.0,98,0.0,0.0,130752,佩可莉姆爱穿的夏日泳装。看上去可\n爱又便于活动，实属精品。不管是在\n意的人的目光还是夏日的娱乐，全部\n都要尽情享受。,0.0,0.0,0.0,1,0.0,0,0.0,0.0,夏日海滨公主,0.0,0.0,0.0,0,1,0.0
0.0,0.0,0,0.0,0.0,42.0,98,0.0,0.0,130761,可可萝的矛，充满了夏日风情。清凉\n澄澈的剑尖挥舞出凉爽的蓝色轨迹，\n不管是狂暴的魔物还是酷暑，都能瞬\n间冷却下来。,0.0,0.0,0.0,1,0.0,0,0.0,0.0,凉枪水精灵果汁,5.0,0.0,5.0,0,1,5.0
0.0,0.0,0,0.0,0.0,0.0,98,0.0,0.0,130771,铃莓在夏天使用的新魔杖。华丽的装\n饰看起来很休闲，而且不管怎么摔，\n上面的芭菲也不会掉下来。,0.0,0.0,40.0,1,0.0,0,0.0,0.0,太阳魔杖 闪耀夏日,6.0,0.0,6.0,0,1,0.0
1000.0,0.0,0,0.0,0.0,0.0,98,0.0,0.0,130772,和救济院的大家一起来到海边的铃莓\n所戴的草帽。投下巨大的阴影，不仅\n能为她自己，还能为依偎在她身边的\n孩子们遮蔽夏日强烈的阳光。,0.0,0.0,0.0,1,0.0,0,0.0,0.0,回忆的草帽,35.0,0.0,45.0,0,1,0.0
0.0,0.0,0,0.0,0.0,0.0,98,0.0,0.0,130781,凯露为了享受夏日而偷偷准备的泳圈。\n虽然本人说是看中了安全性才买的，\n不过这设计实在太过可爱，让人怀疑\n她话中的真假。,0.0,15.0,85.0,1,0.0,0,0.0,0.0,夏日猫猫泳圈,0.0,0.0,0.0,0,1,0.0
0.0,0.0,0,0.0,0.0,80.0,98,0.0,0.0,130791,珠希为了度过酷暑而随身携带的棒冰。\n鲷鱼烧冰冻后的滋味让珠希步履轻盈，\n将敌人玩弄于股掌之间。,0.0,0.0,0.0,1,0.0,0,1.0,30.0,鲷鱼棒冰匕首,0.0,0.0,0.0,0,1,0.0
500.0,0.0,0,0.0,0.0,800.0,98,0.0,0.0,130792,珠希穿泳装时搭在身上的披帛状薄布。\n虽然挂着一个大铃铛，但以猫的身手，\n很容易就能不发出声音地四处活动。,0.0,0.0,0.0,1,0.0,0,0.0,0.0,猫猫披帛,8.0,0.0,8.0,0,1,0.0
0.0,0.0,0,0.0,0.0,86.0,98,0.0,0.0,130801,美冬为有效避暑而准备的矛。它击出\n的水流宛如狂暴海神一般，能高效地\n打倒敌人。,0.0,0.0,0.0,1,0.0,0,3.0,0.0,苍龙矛 蛟龙,0.0,0.0,0.0,0,1,0.0
800.0,0.0,0,0.0,0.0,550.0,98,0.0,0.0,130802,以海边的最高效率为基准来设计的\n美冬的泳装，不但舒适、活动方便，\n而且还有振奋心情的效果，\n是一件出类拔萃的装备。,0.0,0.0,0.0,1,0.0,0,0.0,0.0,苍龙装罗坦,18.0,0.0,18.0,0,1,0.0
0.0,0.0,0,0.0,0.0,75.0,98,0.0,0.0,130811,骷髅老爸为忍准备的灵镰。其中蕴含\n着万圣节的加护，南瓜灯能将灵魂引\n导至冥界，其刀刃能撕裂恶灵。,0.0,0.0,0.0,1,0.0,0,1.0,35.0,南瓜灵镰,0.0,0.0,0.0,0,1,0.0
500.0,0.0,0,0.0,0.0,600.0,98,0.0,0.0,130812,在万圣节期间，灵界的气息变得更加\n浓郁，骷髅老爸也因此获得了额外的\n力量。他一边守护着自己可爱的女儿，\n一边又燃起欲望想要接近美女。,0.0,0.0,0.0,1,0.0,0,0.0,0.0,万圣节骷髅老爸,10.0,0.0,10.0,0,1,0.0
0.0,0.0,0,0.0,0.0,66.0,98,0.0,0.0,130821,充满了万圣节风情的布丁，点心师也\n为之感到骄傲。其中有着微微的南瓜\n甜味，让品尝过世间所有布丁的宫子\n也惊喜万分。,0.0,0.0,0.0,1,0.0,0,0.0,10.0,万圣节布丁,3.0,0.0,3.0,0,1,0.0
0.0,0.0,0,0.0,0.0,750.0,98,0.0,0.0,130822,宫子从打工的地方得到的变装用\n假耳朵和手套。虽然只是变装，\n但如果收不到布丁的话，她可是\n会真的诅咒你，所以请小心为妙。,0.0,0.0,0.0,1,0.0,0,0.0,50.0,狼女套装,0.0,0.0,0.0,0,1,0.0
0.0,0.0,0,0.0,0.0,0.0,98,1.0,1.0,130831,被美咲打扮得很有万圣节风格的大眼\n仔魔杖。成人的暴力美感和万圣节的\n可爱风格融合得十分完美。,0.0,0.0,60.0,1,0.0,0,0.0,0.0,魔法扫帚·万圣节之眼,0.0,0.0,5.0,0,1,0.0
1000.0,0.0,0,0.0,0.0,0.0,98,0.0,0.0,130832,身着万圣节服装的美咲所戴的魔女\n帽子。她体内所隐藏的强大魔力\n与成熟淑女的魅力，似乎会将\n周围的人带入特别的空间。,0.0,0.0,500.0,1,0.0,0,0.0,0.0,淑女的魔女帽,15.0,0.0,15.0,0,1,0.0
80.0,0.0,0,0.0,0.0,0.0,98,0.0,0.0,130841,它是千歌的魔法杖，有圣夜的精灵寄\n宿其中。精灵们会回应唱唤术，赋予\n圣诞节的加护，大幅提升受加护对象\n的能力。,0.0,0.0,46.0,1,0.0,0,0.0,0.0,符文之雪翠灵杖,5.0,0.0,5.0,0,1,0.0
700.0,0.0,0,0.0,0.0,0.0,98,0.0,0.0,130842,慈乐之音的圣诞特别演出服。\n千歌身着这套专为圣夜设计的\n服装，她的歌声宛如圣歌，\n传递出一种纯洁而庄严的氛围。,0.0,0.0,700.0,1,0.0,0,0.0,0.0,符石圣诞礼服,0.0,0.0,0.0,0,1,0.0
125.0,0.0,0,0.0,0.0,0.0,98,0.0,0.0,130851,受到圣诞节祝福的胡桃常用的铃铛。\n胡桃奏响铃铛时寄托的大无畏精神能\n唤起同伴们的勇气，让她们绝不气馁。,0.0,0.0,0.0,1,0.0,0,0.0,0.0,圣诞装饰铃铛,10.0,0.0,8.0,0,1,0.0
1500.0,0.0,0,0.0,0.0,0.0,98,0.0,0.0,130852,铃莓为胡桃等人缝制的圣诞\n派对服装。这套服装能让出色的\n小小女演员在任何场合\n都感到如回家般的温馨。,0.0,0.0,0.0,1,0.0,0,0.0,0.0,圣诞演员服,50.0,0.0,50.0,0,1,0.0
50.0,0.0,0,0.0,0.0,80.0,98,0.0,1.0,130861,充满圣诞色彩的绫音的搭档。噗吉更\n加可爱的同时，也提升了绫音的力量，\n让她能发出更强的攻击。,0.0,0.0,0.0,1,0.0,0,0.0,0.0,圣诞王噗吉,3.0,0.0,0.0,0,1,0.0
1000.0,0.0,0,0.0,0.0,500.0,98,0.0,0.0,130862,在救济院的庭院里制作的噗吉\n雪人。伟大的圣诞王，统领着\n一个大家族，用洁白的雪之靠垫，\n温柔地拥抱着他的眷属们。,0.0,0.0,0.0,1,0.0,0,0.0,125.0,噗吉雪人,0.0,0.0,0.0,0,1,0.0
0.0,0.0,0,0.0,0.0,86.0,98,1.0,0.0,130871,在一个跟猫咪有关的神社里供奉的来\n历正统的护手。能为穿戴者带来胜利，\n与日和莉正直的心相呼应，为她带来\n极大的庇佑。,0.0,0.0,0.0,1,0.0,0,0.0,20.0,猫明神喵拳,0.0,0.0,0.0,0,1,0.0
0.0,30.0,0,0.0,0.0,0.0,98,0.0,0.0,130881,在迎新年的庆典上使用的神具之杖。\n只要怀着祝福大家的心愿挥舞，就会\n有花朵散落，为新一年的旅途增添色\n彩。,0.0,0.0,50.0,1,0.0,0,1.0,0.0,拂晓之祝杖 花束,0.0,0.0,5.0,0,1,0.0
0.0,0.0,0,0.0,0.0,24.0,98,0.0,0.0,130891,在新年迎接神明的祭祀上使用的最好\n的刀。刀身美丽，宛如坚冰。不论是\n深沉的黑暗还是不详的烦恼都能一刀\n两断。,0.0,0.0,0.0,1,0.0,0,0.0,0.0,冰丽刀·初华,3.0,0.0,13.0,0,1,0.0
0.0,0.0,0,0.0,0.0,80.0,98,0.0,0.0,130901,惠理子为给真命天子做巧克力而准备\n的只有她自己能驾驭的烘焙用具。饱\n含爱意的一击能将一切破坏殆尽。,0.0,0.0,0.0,1,0.0,0,2.0,25.0,毁灭打蛋器,0.0,0.0,0.0,0,1,0.0
2000.0,0.0,0,0.0,0.0,500.0,98,0.0,0.0,130902,为了给命中注定的人制作爱的巧克力\n而准备的惠理子的围裙。\n那不惜牺牲自己的样子，\n简直就是为爱殉葬的少女。,0.0,0.0,0.0,1,0.0,0,0.0,0.0,疯狂的爱,0.0,0.0,0.0,0,1,0.0
100.0,0.0,0,0.0,0.0,80.0,98,0.0,0.0,130911,静流为了给弟弟做好吃的巧克力而戴\n上的帽子。心形装饰会散发甜甜的香\n气，给予同伴关爱，让同伴安心。,0.0,0.0,0.0,1,0.0,0,0.0,0.0,装饰之心,0.0,0.0,0.0,0,1,5.0
1000.0,0.0,0,0.0,0.0,0.0,98,0.0,0.0,130912,为了给重要的弟弟制作\n美味巧克力，璃乃制作的\n同款糕点师服。甜蜜的香气以及\n可爱的外表能将人一击击倒☆,0.0,0.0,0.0,1,0.0,0,2.0,0.0,爱的姐姐围裙,20.0,0.0,20.0,0,1,0.0
0.0,0.0,0,0.0,0.0,0.0,98,1.0,0.0,130921,安爱用的魔导书。能够最大限度地\n激发出使用罕见魔法的\n才能。公主想要引导国家的决意\n让英灵的力量变得更加强大。,0.0,0.0,88.0,1,0.0,0,2.0,0.0,安的魔导书,0.0,0.0,0.0,0,1,0.0
0.0,0.0,0,0.0,0.0,0.0,98,0.0,0.0,130931,露的搭档小眼睛。不知为何，即使在\n不熟悉的异世界中也会被召唤，像道\n具一样被利用，这大概……是因为有\n着信赖关系存在吧。,0.0,35.0,70.0,1,0.0,0,0.0,0.0,小眼睛！,0.0,0.0,0.0,0,1,0.0
0.0,0.0,0,0.0,0.0,0.0,98,0.0,0.0,130941,能够提升古蕾雅能力的\n龙之护身符。在宝石的加护下，\n龙族公主的火焰更加猛烈，\n将一切敌人燃烧殆尽。,0.0,0.0,92.0,1,0.0,0,3.0,0.0,龙之护身符,0.0,0.0,0.0,0,1,0.0
0.0,0.0,0,0.0,0.0,0.0,98,0.0,0.0,130951,让空花心潮澎湃的妖艳和服。\n带子的松紧程度加剧了她的兴奋\n，当将其松绑时，未知的愉悦\n也会随着旋转而释放出来。,0.0,0.0,0.0,1,0.0,0,0.0,0.0,万紫千红艳椿,7.0,0.0,12.0,0,1,5.0
1600.0,0.0,0,0.0,0.0,0.0,98,0.0,0.0,130952,震撼空花心灵的艳丽扇子。\n一舞动便会散发出熏香，\n让周围弥漫妖冶的气息，\n将其变为空花的个人舞台。,0.0,0.0,0.0,1,0.0,0,0.0,0.0,千变万化的艳丽山茶花,40.0,0.0,40.0,0,1,0.0
0.0,0.0,0,0.0,0.0,85.0,98,0.0,0.0,130961,妮侬在大江户镇上买的\n忍者变身装备。武器本身没有\n特别的力量，但不知为何，\n妮侬拿着它就会觉醒为女忍者。,0.0,0.0,0.0,1,0.0,0,0.0,40.0,变身忍者套装,0.0,0.0,0.0,0,1,0.0
0.0,0.0,0,0.0,0.0,600.0,98,0.0,0.0,130962,妮侬在大江户镇购入的\n忍者服装。虽然衣服本身应该\n没有特别的力量，但穿上这套\n衣服后，妮侬却能使用新忍术。,0.0,0.0,0.0,1,0.0,0,2.0,0.0,干练的女忍者套装,0.0,0.0,0.0,0,1,0.0
0.0,0.0,0,0.0,0.0,33.0,98,0.0,0.0,130971,雷姆经常戴着的发饰。\n和最喜欢的姐姐同款的发饰，\n似乎很喜欢与姐姐头发颜色一样的\n红色绳子工艺。,0.0,0.0,0.0,1,0.0,0,0.0,40.0,雷姆的发饰,0.0,15.0,0.0,0,1,5.0
0.0,0.0,0,0.0,0.0,0.0,98,0.0,0.0,130981,拉姆经常戴着的发饰。\n对她而言，这是她作为女仆的证明，\n似乎很喜欢与妹妹头发颜色一样的\n蓝色绳子工艺。,0.0,0.0,52.0,1,0.0,0,1.0,0.0,拉姆的发饰,8.0,0.0,2.0,0,1,0.0
0.0,0.0,0,0.0,0.0,0.0,98,0.0,0.0,130991,爱蜜莉雅很重视的花束。如同\n雪花飘落般梦幻的花瓣\n充满了玛那，\n深受精灵们的喜爱。,0.0,0.0,96.0,1,0.0,0,1.0,0.0,约定的花束,0.0,0.0,0.0,0,1,6.0
0.0,0.0,0,0.0,0.0,96.0,98,1.0,0.0,131001,铃奈为了夏日的工作而新制作的\n弓。清凉的设计和配色让人联想\n到盛夏海边，这正是铃奈讲究的\n地方。,0.0,0.0,0.0,1,0.0,0,0.0,0.0,盛夏弓爱心飞溅,0.0,0.0,0.0,0,1,0.0
0.0,0.0,0,0.0,0.0,1200.0,98,0.0,0.0,131002,美咲在粉丝们的帮助下，\n为铃奈制作的极其丰盛\n水果芭菲。能在甜蜜中感受到\n夏日的清爽，这正是青春的滋味。,0.0,0.0,0.0,1,0.0,0,0.0,0.0,极其丰盛的水果芭菲,0.0,0.0,0.0,0,1,0.0
0.0,0.0,0,0.0,0.0,0.0,98,0.0,0.0,131011,在夏日的海边，伊绪为了守护学生\n而挥舞的剑。为自己学生着想的心\n转变成治愈的力量。在这个夏天\n也一定会大有作为。,0.0,0.0,80.0,1,0.0,0,0.0,0.0,惠爱剑夏日爱心家族,1.0,0.0,1.0,0,1,6.0
0.0,0.0,0,0.0,0.0,0.0,98,0.0,0.0,131012,伊绪提前准备的泳装，\n打算在学会游泳后穿。\n为了能在游泳课上使用，\n采用了简洁的设计和流畅的线条。,0.0,150.0,350.0,1,0.0,0,0.0,0.0,夏日的爱,0.0,0.0,0.0,0,1,0.0
0.0,30.0,0,0.0,0.0,80.0,98,0.0,0.0,131031,咲恋在夏天携带着的剑。其中寄托着\n孩子们的愿望，希望她能够作为一位\n女性，而并非救济院的妈妈，\n好好享受夏日。,0.0,0.0,0.0,1,0.0,0,0.0,0.0,纤丽剑夏日闪耀,0.0,0.0,0.0,0,1,0.0
900.0,0.0,0,0.0,0.0,0.0,98,0.0,0.0,131032,在休假时享受夏日海洋的咲恋\n所佩戴的首饰。有绑头发的缎带、\n救济院的大家一起挑选的项链，\n还有海边盛放的花朵。,0.0,0.0,0.0,1,0.0,0,2.0,0.0,闪耀的夏日回忆,0.0,0.0,0.0,0,1,0.0
0.0,0.0,0,0.0,0.0,88.0,98,0.0,0.0,131041,一把由海狼的獠牙铸造的大剑，\n海狼据说只会出现在特定且平静海面\n上。真琴非常中意上面的狼的装饰。,0.0,0.0,0.0,1,0.0,0,1.0,20.0,夏日狼人之剑,0.0,0.0,0.0,0,1,0.0
500.0,0.0,0,0.0,0.0,500.0,98,0.0,0.0,131042,真琴在海上活动时所穿的\n非常方便行动的泳装。为了避免\n被真步要求穿上飘逸的泳装，\n她和优衣一起亲自挑选了这一款。,0.0,0.0,0.0,1,0.0,0,0.0,0.0,狼人夏日比基尼,30.0,0.0,30.0,0,1,0.0
0.0,0.0,0,0.0,0.0,90.0,98,0.0,0.0,131051,为了向被称为海神的大海献上舞蹈而\n存在的神具护手。布的花纹中倾注了\n许多对大海的感激之情，戴着这副护\n手起舞的香织展现出大海的浩瀚。,0.0,0.0,0.0,1,0.0,0,0.0,28.0,琉球犬式·神武之护手,0.0,0.0,0.0,0,1,0.0
0.0,0.0,0,0.0,0.0,900.0,98,0.0,0.0,131052,香织故乡传承下来的乡土乐器。\n那令人怀念的开朗音色，\n就像闪耀的夏日海洋一般\n让聆听者心潮澎湃。,0.0,0.0,0.0,1,0.0,0,0.0,0.0,琉球犬式·跃三线,30.0,0.0,10.0,0,1,0.0
0.0,0.0,0,0.0,0.0,0.0,98,1.0,0.0,131061,真步公主精心制作的沙滩风格的魔法\n杖。其中封印着夏日的光景，每挥舞\n一次，就会在灯火的照耀下显现出影\n画，同时夜空中绽放出巨大的烟花。,0.0,18.0,78.0,1,0.0,0,0.0,0.0,夏华杖奇幻传说,0.0,0.0,0.0,0,1,0.0
0.0,0.0,0,0.0,0.0,0.0,98,0.0,0.0,131062,由兔子亚瑟、小狗高文以及\n企鹅兰斯洛特组成的\n真步真步王国骑士团。\n它们是守护真步公主的英勇精锐。,0.0,0.0,900.0,1,0.0,0,0.0,0.0,真步真步玩偶骑士团,30.0,0.0,10.0,0,1,0.0
0.0,0.0,0,0.0,0.0,91.0,98,0.0,0.0,131071,在插班进入圣特蕾莎女子学院时，\n碧为了克服孤独而新制作的最终\n兵器。虽然原本是用来充当守护符，\n但现在也成为了友情的证明。,0.0,0.0,0.0,1,0.0,0,0.0,24.0,好朋友的弓琴,0.0,0.0,0.0,0,1,0.0
500.0,0.0,0,0.0,0.0,0.0,98,0.0,0.0,131072,被编入圣特蕾莎女子学院时，\n碧为了写下与朋友的预定计划而\n准备的手账。最近她还开始记录\n除了打工和独自露营之外的计划。,0.0,0.0,0.0,1,0.0,0,0.0,80.0,碧的好朋友手账,30.0,0.0,30.0,0,1,0.0
0.0,0.0,0,0.0,0.0,77.0,98,0.0,0.0,131081,用于料理、裁缝、帮弟弟们画图等，\n用途多样的克罗依的万能日常道具。\n在她如此主张下，面对教导主任检查\n随身物品时，有着绝对的防御力。,0.0,0.0,0.0,1,0.0,0,2.0,35.0,黄昏至黎明之刃,0.0,0.0,0.0,0,1,0.0
0.0,0.0,0,0.0,0.0,79.0,98,0.0,0.0,131091,千爱瑠为了追求可爱和强大，亲手制\n作的快乐切噜指虎。有需要时可以通\n过折断荧光粉色的指甲来发动发光魔\n法，为憧憬的歌姬应援。,0.0,0.0,0.0,1,0.0,0,1.0,40.0,桃色☆荧光棒☆指虎,0.0,0.0,0.0,0,1,0.0
0.0,30.0,0,0.0,0.0,0.0,98,1.0,0.0,131101,优妮因异想天开而携带的矛枪仿造品\n虽然表面上看着很重，但其实是孩子\n也能放心使用的轻量设计。无法站立\n一旦失去支撑，就会啪塔一声倒下。,0.0,0.0,56.0,1,200.0,0,0.0,0.0,铅笔斧头·复制品,0.0,0.0,0.0,0,1,0.0
0.0,0.0,0,0.0,0.0,0.0,98,1.0,0.0,131111,镜华为了万圣节悄悄准备的以黑猫为\n主题的扫帚。有时会瞒着大家，想象\n着自己乘坐扫帚飞上天空。,0.0,0.0,96.0,1,0.0,0,0.0,0.0,万圣节猫咪扫帚,0.0,0.0,0.0,0,1,0.0
0.0,0.0,0,0.0,0.0,0.0,98,0.0,0.0,131112,镜华为了万圣节而亲自挑选的\n以黑猫为主题的衣服。\n最初她曾担心，虽然可爱\n但会不会有点太孩子气。,0.0,0.0,500.0,1,0.0,0,0.0,0.0,万圣节兜帽黑猫,20.0,0.0,20.0,0,1,0.0
0.0,0.0,0,1.0,0.0,50.0,98,0.0,0.0,131121,未奏希为了万圣节自信满满准备的\n用于恶作剧的特别\n护手。同时具备高强度和高精密度，\n无论是什么恶作剧都能完美实现。,0.0,0.0,0.0,1,0.0,0,0.0,0.0,魔拳不给糖果就捣蛋,4.0,8.0,0.0,0,1,0.0
1000.0,0.0,0,0.0,0.0,500.0,98,0.0,0.0,131122,未奏希为了万圣节准备的糖果袋。\n因为就算拿到糖果\n也想恶作剧，\n所以恶作剧道具也放在里面了。,0.0,0.0,0.0,1,0.0,0,0.0,0.0,万圣节糖果袋,30.0,0.0,30.0,0,1,0.0
0.0,0.0,0,0.0,0.0,33.0,98,0.0,0.0,131131,美美为了万圣节，和妈妈一起制作的\n用绑带一圈一圈卷起的\n兔子剑。似乎同时提升了\n可爱度和手感。,0.0,0.0,0.0,1,0.0,0,2.0,0.0,圈圈兔兔剑,0.0,0.0,12.0,0,1,0.0
0.0,0.0,0,0.0,0.0,500.0,98,0.0,0.0,131132,美美为了万圣节帮忙干活，\n换来妈妈做的衣服。\n略带超越自身印象的恐怖可爱感\n是美美最喜欢的地方。,0.0,0.0,0.0,1,0.0,0,0.0,100.0,旋转兔兔帽子,0.0,0.0,0.0,0,1,0.0
0.0,30.0,0,0.0,0.0,0.0,98,1.0,0.0,131141,露娜一直抱着的朋友。\n沉默的小朋友今天也用它\n圆圆的眼睛一直注视着露娜。,0.0,0.0,75.0,1,0.0,0,0.0,0.0,露娜的朋友,0.0,0.0,0.0,0,1,0.0
0.0,0.0,0,0.0,0.0,86.0,98,1.0,0.0,131151,为配合变成了圣诞老人候选人的克莉\n丝提娜而产生变化的圣域剑阿瓦隆。\n据闻它会通过圣夜的奇迹，\n给主人送上绝对的胜利。,0.0,0.0,0.0,1,0.0,0,0.0,20.0,圣刻剑阿瓦隆,0.0,0.0,0.0,0,1,0.0
0.0,0.0,0,0.0,0.0,1200.0,98,0.0,0.0,131152,克莉丝提娜喜爱的，\n非常适合圣诞时期喝的一杯饮品。\n以擅长决胜负的她为灵感\n调制出的是甜中带刺激的复杂风味。,0.0,0.0,0.0,1,0.0,0,2.0,0.0,誓约女君的祝酒杯,0.0,0.0,0.0,0,1,0.0
290.0,0.0,0,0.0,0.0,0.0,98,0.0,0.0,131161,成为圣诞老人候选人的望所持有的单\n手剑。作为偶像的决意，以及想给许\n多人带去梦想与希望的心意，\n给这把剑带来了耀眼的光辉。,0.0,0.0,0.0,1,0.0,0,0.0,0.0,圣灵剑神圣希望,12.0,0.0,0.0,0,1,4.0
1000.0,0.0,0,0.0,0.0,0.0,98,0.0,0.0,131162,圣诞节演唱会出售的望款式的\n特别应援棒。回应粉丝炽热的\n声援时，偶像的光芒愈发闪耀，\n甚至照亮整个世界。,0.0,0.0,0.0,1,0.0,0,0.0,0.0,望担的应援棒,20.0,0.0,20.0,0,1,0.0
100.0,0.0,0,0.0,0.0,0.0,98,0.0,0.0,131171,成为圣诞老人候选人的伊莉亚所爱用\n的斧子，在圣夜的奇迹下变成了更有\n魅力的新姿态。在柊树华丽的装点\n下，巨刃发出不灭的光芒。,0.0,8.0,75.0,1,0.0,0,2.0,0.0,圣夜斧圣诞尖牙,0.0,0.0,0.0,0,1,0.0
4000.0,0.0,0,0.0,0.0,0.0,98,0.0,0.0,131172,伊莉亚作为统率圣夜之主卯足干劲时\n穿的特制衣服。据说圣夜的加护之力，\n会在穿着者陷入绝境时展现真正的价\n值。,0.0,0.0,0.0,1,0.0,0,0.0,0.0,统治圣夜的斗篷,0.0,0.0,0.0,0,1,0.0
200.0,0.0,0,0.0,0.0,70.0,98,0.0,0.0,131181,佩可莉姆所准备的新年盛装。这是用\n王家御用的绸缎缝制成的珍品服装，\n上面有祈愿丰收的稻穗图案。散发\n着公主的威严以及对美食的敬意。,0.0,0.0,0.0,1,0.0,0,1.0,15.0,迎新美食的盛装,0.0,0.0,0.0,0,1,0.0
30.0,0.0,0,0.0,0.0,0.0,98,0.0,0.0,131191,身穿新年盛装的可可萝持有的充满神\n气的神圣之杖。庆祝新春的巫女之舞\n将活力分给了周围的同伴，\n新的一年一定能够幸福。,0.0,0.0,0.0,1,0.0,0,1.0,0.0,新春祈福的精灵杖,9.0,0.0,10.0,0,1,0.0
0.0,25.0,0,0.0,0.0,0.0,98,0.0,0.0,131201,身穿新春盛装的凯露持有的特别定制\n的毽子板。祈愿新一年能够幸福的心\n情让板上生出无数的羽毛，祓除一切\n灾害。,0.0,10.0,74.0,1,0.0,0,0.0,0.0,贺年猫耳的毽子板,0.0,0.0,0.0,0,1,0.0
0.0,0.0,0,0.0,0.0,0.0,98,0.0,0.0,131211,在神殿担任巫女的铃莓所持有的神乐\n铃。其中倾注了世世代代巫女们的祈\n愿，能够净化铃声所及之处的\n所有邪气。,0.0,0.0,67.0,1,0.0,0,3.0,0.0,神殿巫女的铃铛,0.0,0.0,0.0,0,1,10.0
800.0,0.0,0,0.0,0.0,0.0,98,0.0,0.0,131212,铃莓在神殿担任巫女时所穿的\n衣服。历代巫女传承的祈祷\n与铃莓纯真的愿望产生共鸣，\n为伙伴赋予神圣的加护。,0.0,0.0,700.0,1,0.0,0,0.0,0.0,神殿巫女的装束,10.0,0.0,10.0,0,1,0.0
0.0,0.0,0,0.0,0.0,0.0,98,0.0,0.0,131221,魔法侦探Misty★香澄使用的魔\n法之杖。通过爱与希望的力量，抓住\n邪恶的敌人，绽放出能够让任何真相\n明了的光辉。,0.0,0.0,52.0,1,0.0,0,0.0,0.0,魔法神秘魔杖,4.0,0.0,6.0,0,1,0.0
300.0,0.0,0,0.0,0.0,0.0,98,0.0,0.0,131222,这是点缀魔法侦探Misty★香澄\n变身后英姿的蓬松缎带。凭借爱与希\n望之心诞生的魔法少女之力，不管面\n对怎样的谜团都能引导出真相！,0.0,150.0,0.0,1,0.0,0,0.0,0.0,魔法神秘缎带,15.0,0.0,15.0,0,1,0.0
0.0,0.0,0,0.0,0.0,84.0,98,0.0,0.0,131231,魔法猎人Purely★栞使用的\n魔法之弓通过爱与希望的力量，\n可以释放出贯穿任何邪恶敌人\n的必杀箭矢。,0.0,0.0,0.0,1,0.0,0,0.0,40.0,魔法纯真弓箭,0.0,0.0,0.0,0,1,0.0
500.0,0.0,0,0.0,0.0,600.0,98,0.0,0.0,131232,这是点缀魔法猎人Purely★栞\n变身后英姿的飞扬缎带。凭借爱与希\n望之心诞生的魔法少女之力，不管面\n对怎样的敌人都能暴击命中！,0.0,0.0,0.0,1,0.0,0,0.0,0.0,魔法纯洁缎带,18.0,0.0,15.0,0,1,0.0
0.0,0.0,0,0.0,0.0,82.0,98,0.0,0.0,131241,卯月持有的正统派的剑。\n虽然看上去没有特别的力量，\n但会根据卯月的笑容和温暖的心意，\n绽放出光辉，发挥出隐藏的力量。,0.0,0.0,0.0,1,0.0,0,1.0,34.0,可爱舞台,0.0,0.0,0.0,0,1,0.0
220.0,0.0,0,0.0,0.0,0.0,98,0.0,0.0,131251,凛使用的美丽的蓝色之剑。\n与凛那静静燃烧的炽热之心相呼应，\n绽放出蓝色的光辉，照亮以最高处\n为目标不断努力的她的旅途。,0.0,0.0,0.0,1,0.0,0,0.0,0.0,冷酷舞台,8.0,0.0,8.0,0,1,0.0
0.0,0.0,0,0.0,0.0,0.0,98,0.0,0.0,131261,未央爱用的闪耀星杖。未央明快的\n歌声呼唤出小小的流星，\n歌唱时的模样就如同太空歌剧一样。,0.0,16.0,90.0,1,0.0,0,0.0,0.0,激情舞台,0.0,0.0,0.0,0,1,0.0
0.0,0.0,0,0.0,0.0,78.0,98,0.0,0.0,131271,一支充满了母爱的长矛，\n是和她的盔甲一起买的。有着傲人的\n非凡硬度，但同时重量很轻，\n铃的力量也可以随意挥舞它。,0.0,0.0,0.0,1,0.0,0,2.0,25.0,橡子游骑兵之矛,0.0,0.0,0.0,0,1,0.0
0.0,0.0,0,0.0,0.0,87.0,98,0.0,0.0,131281,牧场世世代代流传下来的正统装备\n虽然是用来保护牧场不受魔物的伤害\n但其形状与平时用于照料动物的\n农具很相似。,0.0,0.0,0.0,1,0.0,0,0.0,26.0,伊丽莎白之叉,0.0,0.0,0.0,0,1,0.0
0.0,0.0,0,0.0,0.0,80.0,98,0.0,0.0,131291,璃乃的弓，在不可思议的书中获得了\n爱丽丝的力量。与爱丽丝\n心意相通后，可解放救世主之力，\n发出拯救世界的一击。,0.0,0.0,0.0,1,0.0,0,1.0,30.0,仙境弓,0.0,0.0,0.0,0,1,0.0
210.0,0.0,0,3.0,0.0,0.0,98,1.0,0.0,131301,步美在不可思议的书中所持的枪。\n通过无限消除周围的气息，\n甚至可发挥出时间暂停的效果，\n是非常适合步美的一杆枪。,0.0,0.0,0.0,1,0.0,0,0.0,0.0,仙境时钟枪,10.0,0.0,0.0,0,1,0.0
0.0,0.0,0,0.0,0.0,94.0,98,0.0,0.0,131311,流夏所佩戴的两把刀，分别是名刀绝\n海以及妖刀波浪丸。配合其主人进行\n了一番夏日装扮的珍品。不变的是那\n可劈开波浪的锋利度。,0.0,0.0,0.0,1,0.0,0,0.0,13.0,绝海·波浪丸 双刀,0.0,0.0,0.0,0,1,0.0
1000.0,0.0,0,0.0,0.0,500.0,98,0.0,0.0,131312,流夏的泳衣。据七七香所说，\n脱下纱笼即可解放平日\n隐藏的大腿。但应羞怯的流夏所求，\n此功能已被封印。,0.0,0.0,0.0,1,0.0,0,0.0,0.0,纱笼·纯白人造丝小竹原,30.0,0.0,30.0,0,1,0.0
0.0,0.0,0,0.0,0.0,0.0,98,0.0,0.0,131321,降临于海狱的疾风之冥姬身上佩戴的\n被诅咒的缚锁之锚。当被封印的\n暴虐之龙咆哮之时，就连地狱的\n亡者都会惊惧地四散逃亡。,0.0,8.0,82.0,1,0.0,0,2.0,0.0,海魔狱灭缚锁锚,0.0,0.0,0.0,0,1,0.0
0.0,0.0,0,0.0,0.0,0.0,98,0.0,0.0,131331,夏日装扮的七七香所持的魔法杖。\n当天才魔法少女经历夏日的\n心跳事件后，蕴藏于其中的\n真正力量就会得到解放！,0.0,0.0,91.0,1,0.0,0,2.0,0.0,七七香夏川之杖,0.0,0.0,0.0,0,1,0.0
1000.0,0.0,0,0.0,0.0,0.0,98,0.0,0.0,131332,封存着七七香夏日酸甜回忆的\n瓶中信。打开后，\n秘密之恋的魔法将会\n射穿你的心脏！,0.0,0.0,750.0,1,0.0,0,0.0,0.0,七七香忧郁夏日记忆,15.0,0.0,15.0,0,1,0.0
0.0,0.0,0,0.0,0.0,0.0,98,0.0,0.0,131341,初音送给将一切献给青春之人的\n彩球，会发出繁星的应援。七彩的应\n援将海边装点得丰富多彩，让人能够\n克服一切逆境，为梦想勇往直前。,0.0,13.0,88.0,1,0.0,0,0.0,0.0,星光闪耀☆彩球,0.0,0.0,0.0,0,1,0.0
0.0,0.0,0,0.0,0.0,0.0,98,0.0,0.0,131342,初音为了与大家共赴梦想舞台\n而准备的泳装。这件在盛夏海滩上\n带领队伍取胜的青春之衣，\n还附带能做美梦的效果。,0.0,0.0,1200.0,1,0.0,0,0.0,0.0,拉拉队长☆流星,0.0,0.0,0.0,0,1,0.0
0.0,0.0,0,0.0,0.0,0.0,98,0.0,0.0,131351,美里送给将一切献给青春之人的\n扩音喇叭，可传播慈爱之声。海边的\n圣母的应援，能让人从心底涌现出力\n量，成为实现梦想的助推器。,0.0,0.0,30.0,1,0.0,0,2.0,0.0,沙滩维纳斯扩音喇叭,0.0,0.0,12.0,0,1,0.0
100.0,0.0,0,0.0,0.0,89.0,98,0.0,0.0,131361,纯为了在海上度过不当班的日子而制\n作的凉爽大剑。与其外表相反的是，\n用这把剑发出的斩击如同盛夏的太阳\n一般灼热。,0.0,0.0,0.0,1,0.0,0,0.0,0.0,夏日骑士之剑,0.0,0.0,0.0,0,1,0.0
0.0,0.0,0,0.0,0.0,475.0,98,0.0,0.0,131362,对夏日假期怀着默默憧憬的纯\n所准备的泳装。那日听到的海浪声、\n见到的真实面容与宁谧时光，\n全部化为只属于两人的秘密。,0.0,0.0,0.0,1,0.0,0,0.0,50.0,夏日骑士套装,60.0,0.0,60.0,0,1,0.0
0.0,0.0,0,0.0,0.0,0.0,98,0.0,0.0,131371,成为了天使的茜里所持的天界之弓。\n也可作为法杖使用，与配套的依里的\n箭组合，可发挥其真正价值。,0.0,13.0,80.0,1,0.0,0,2.0,0.0,幸福天使弓,0.0,0.0,0.0,0,1,0.0
300.0,0.0,0,0.0,0.0,0.0,98,0.0,0.0,131381,成为了天使的依里所持的天界之箭。\n也可作为长枪使用，与配套的茜里的\n弓组合，可发挥其真正价值。,0.0,0.0,64.0,1,0.0,0,1.0,0.0,幸福天使箭,0.0,0.0,0.0,0,1,0.0
75.0,0.0,0,0.0,0.0,0.0,98,0.0,0.0,131391,纺希以吸血鬼为设计创意手工制作的\n新款礼裙。同时兼顾冷酷与可爱的\n甜辣搭配，展现出强势气质。,0.0,0.0,0.0,1,0.0,0,1.0,0.0,万圣节晚礼服,9.0,0.0,9.0,0,1,0.0
1600.0,0.0,0,0.0,0.0,0.0,98,0.0,0.0,131392,由纺希亲手制作的万圣节配色\n发箍。小小的角的装饰，悄悄凑成了\n与怜大人同款样式。不仅可爱\n还满载着爱与欲望。,0.0,0.0,0.0,1,0.0,0,0.0,0.0,万圣夜发箍,40.0,0.0,40.0,0,1,0.0
0.0,0.0,0,0.0,0.0,95.0,98,0.0,0.0,131401,纺希缝制的怜专用礼裙。\n四处都绣有精致的装饰物，为了不妨\n碍怜施展剑技，在功能性上也花了\n心思，是一件宝贵的万圣节服装。,0.0,0.0,0.0,1,0.0,0,1.0,12.0,飘渺之美,0.0,0.0,0.0,0,1,0.0
0.0,0.0,0,0.0,0.0,94.0,98,0.0,0.0,131411,茉莉在万圣夜获得的新变身形态……\n如此设定的一套新服装。由纺希\n手工制作，穿着舒适，耐磨耐用。,0.0,0.0,0.0,1,0.0,0,0.0,20.0,白虎形态,0.0,0.0,0.0,0,1,0.0
0.0,0.0,0,0.0,0.0,98.0,98,0.0,0.0,131421,魔法提督Lovely★莫妮卡所使\n用的魔法剑。通过倾注爱与希望的力\n量，对同伴进行鼓舞，给予众人敢于\n对抗任何邪恶敌人的勇气。,0.0,0.0,0.0,1,0.0,0,0.0,12.0,魔法爱心之剑,0.0,0.0,0.0,0,1,0.0
0.0,0.0,0,0.0,0.0,70.0,98,0.0,0.0,131431,魔法剑士Shiny★智所使用的魔\n法细剑。通过倾注爱与希望的力量，\n可以释放出击碎任何邪恶敌人的强烈\n一击。,0.0,75.0,0.0,1,0.0,0,0.0,0.0,魔法闪耀之剑,0.0,0.0,0.0,0,1,0.0
0.0,0.0,0,0.0,0.0,92.0,98,0.0,0.0,131441,秋乃的圣诞礼服。紫藤庐家\n私人订制的礼裙，\n绚烂奢华的同时又强韧实用，\n是装备中的稀世珍品。,0.0,0.0,0.0,1,0.0,0,0.0,15.0,紫藤庐圣诞礼服,0.0,0.0,0.0,0,1,0.0
0.0,0.0,0,0.0,0.0,85.0,98,0.0,0.0,131451,铃莓等人特意为咲恋准备的圣诞派对\n礼裙。这件礼服是用旧礼服改的，\n汇聚了大家的一片心意。,0.0,0.0,0.0,1,0.0,0,0.0,15.0,咲恋救济院圣诞礼服,0.0,0.0,0.0,0,1,6.0
100.0,0.0,0,0.0,0.0,84.0,98,0.0,0.0,131461,由加莉为圣诞节而准备的特殊鸡尾\n酒杯。噗咻噗咻地\n冒着泡的生命之水伴随着\n热烈的气氛，创造完美的圣夜。,0.0,0.0,0.0,1,0.0,0,1.0,0.0,圣诞皇家酒杯,0.0,0.0,0.0,0,1,0.0
0.0,0.0,0,0.0,0.0,61.0,98,0.0,0.0,131471,城镇居民们为答谢矛依未救了\n大间而作为谢礼送来的盛装。符合\n大恶徒气质的豪迈穿法，哪怕进行\n激烈的打斗也不会影响行动。,0.0,0.0,0.0,1,0.0,0,0.0,0.0,大恶徒的新春盛装,4.0,0.0,4.0,0,1,0.0
0.0,0.0,0,0.0,0.0,0.0,98,0.0,0.0,131501,盛装打扮的似似花所持的伞。一旦撑\n起这把伞，幻影魔法就将施展开来，\n目击者的精神将被囚禁在\n梦幻的牢笼中，永远无法离开。,0.0,0.0,85.0,1,0.0,0,1.0,0.0,新春幻影和伞,0.0,0.0,0.0,0,1,6.0
0.0,0.0,0,0.0,0.0,75.0,98,0.0,0.0,131551,于精灵之乡代代相传、在进行与精灵\n订立契约的仪式上需要用到的短剑。\n与精灵心灵相通并得到加护之人\n可施放快如疾风的剑闪。,0.0,0.0,0.0,1,0.0,0,2.0,38.0,大精灵的仪剑,0.0,0.0,0.0,0,1,0.0
0.0,0.0,0,0.0,0.0,0.0,98,0.0,0.0,131561,于精灵之乡代代相传、在进行与精灵\n订立契约的仪式上需要用到的仪杖。\n与精灵心灵相通之人将与自然\n合为一体，得到强大的祝福之力。,0.0,0.0,88.0,1,0.0,0,0.0,0.0,大精灵的仪杖,0.0,0.0,0.0,0,1,8.0
0.0,0.0,0,0.0,0.0,0.0,98,1.0,0.0,131571,香澄为了在海边进行调查而准备的特\n制侦探道具。虽然伪装成游泳圈，\n但对其性能也没有丝毫影响，\n能够准备地看透对方的弱点。,0.0,24.0,72.0,1,0.0,0,0.0,0.0,夏日侦探法杖,0.0,0.0,0.0,0,1,0.0
0.0,0.0,0,0.0,0.0,88.0,98,0.0,0.0,131581,为了想参加舞会的莉玛特制的礼裙。\n将莉玛平时爱用的铠甲通过变貌大妃\n的权能幻化而成，\n是一件可爱且美丽的礼裙。,0.0,0.0,0.0,1,0.0,0,0.0,24.0,梦幻灰姑娘礼裙,0.0,0.0,0.0,0,1,0.0
0.0,0.0,0,0.0,0.0,82.0,98,0.0,0.0,131591,真步准备的礼裙，要送给为贵族千金\n教授护身术的真琴。少女的羞涩与\n矜持以一种绝妙的平衡保持着对立，\n成就了这件珍品。,0.0,0.0,0.0,1,0.0,0,1.0,27.0,狼人轮舞曲礼裙,0.0,0.0,0.0,0,1,0.0
0.0,10.0,0,0.0,0.0,0.0,98,0.0,0.0,131601,这件礼裙处处体现出作为真步真步\n王国公主的讲究。优美的花边与\n点缀着童话色彩的可爱高贵装扮，\n让社交界的少女们向往不已。,0.0,0.0,92.0,1,0.0,0,0.0,0.0,真步真步童话礼裙,0.0,0.0,0.0,0,1,0.0
0.0,0.0,0,0.0,0.0,98.0,98,0.0,0.0,131621,在圣学祭进行挑战的克罗依所穿的体\n操服。虽遵照校规不进行改造，但为\n追求功能性而露出腹部的穿着方式\n令淑女们为之疯狂。,0.0,0.0,0.0,1,0.0,0,0.0,10.0,通俗创作,0.0,0.0,0.0,0,1,0.0
0.0,0.0,0,0.0,0.0,92.0,98,0.0,0.0,131631,在圣学祭进行挑战的千爱瑠所穿的体\n操服。对校规进行过度解释而追求\n切噜的结果，就是到处都是切噜，\n造成切噜不必要的泛滥。,0.0,0.0,0.0,1,0.0,0,0.0,20.0,快乐切噜☆祭典服,0.0,0.0,0.0,0,1,0.0
300.0,0.0,0,0.0,0.0,0.0,98,0.0,0.0,131641,要参加圣学祭的优妮将【墨丘利财团】\n的开发方案以魔法学的方式加以重新\n诠释和复制的产品，通称神速君。似\n乎也是理科无用论的一项佐证。,0.0,0.0,0.0,1,0.0,0,1.0,0.0,高机动万能鞋·复制者,6.0,0.0,6.0,0,1,0.0
200.0,0.0,0,0.0,0.0,73.0,98,0.0,0.0,131651,称霸一方的黑帮老大祈梨所订制的锤\n子。类龙生物形状的头部\n能极大调动祈梨的积极性，\n发挥出超越平常的威力。,0.0,0.0,0.0,1,0.0,0,0.0,10.0,小龙锤,0.0,0.0,0.0,0,1,0.0
0.0,0.0,0,0.0,0.0,93.0,98,0.0,0.0,131661,当选为时间星盘会长的嘉夜所佩戴的\n拳套。虽然是复制品，\n但帆稀让其获得了\n比原版更强的攻击力。,0.0,0.0,0.0,1,0.0,0,0.0,15.0,时间星盘拳套,0.0,0.0,0.0,0,1,0.0
0.0,0.0,0,0.0,0.0,100.0,98,0.0,0.0,131671,碧在玩具工厂打工时开发的橡胶枪。\n弹珠饱含着她和“我的朋友”\n之间的友情之力，成为了\n连接人与玩具的桥梁。,0.0,0.0,0.0,1,0.0,0,0.0,5.0,玩具弹弓,0.0,0.0,0.0,0,1,0.0
0.0,0.0,0,0.0,0.0,90.0,98,0.0,0.0,131681,一边在玩具工厂打工，一边为大家\n提供伙食的珠希的短剑。仿照鲷鱼烧\n形状的刀身非常锋利，让人想起珠希\n一个人在饭点忙碌的麻利模样。,0.0,0.0,0.0,1,0.0,0,0.0,15.0,鲷鱼刃打工人短剑,0.0,0.0,0.0,0,1,0.0
400.0,0.0,0,0.0,0.0,50.0,98,0.0,0.0,131691,美冬在玩具工厂作为打工领班\n带员工时使用的工具。\n战斗的时候可改装为武器，\n是一件效率极高的道具。,0.0,0.0,0.0,1,0.0,0,2.0,0.0,机钢枪先锋扳手,0.0,0.0,0.0,0,1,0.0
0.0,0.0,0,0.0,0.0,90.0,98,0.0,0.0,131701,融入了惠理子宛如盛夏阳光\n一般热烈的爱意的斧头。能粉碎一切\n妨碍她与心爱之人在一起的\n障碍物，令其葬身海中。,0.0,0.0,0.0,1,0.0,0,0.0,28.0,仲夏,0.0,0.0,0.0,0,1,0.0
1500.0,0.0,0,0.0,0.0,870.0,98,0.0,0.0,131702,惠理子特制的防晒霜兼迷魂药。\n一旦涂抹于肌肤，不管是心爱之人的\n柔嫩肌肤，还是炽热视线，\n一切都属于你。,0.0,0.0,0.0,1,0.0,0,0.0,0.0,浪漫药剂,0.0,0.0,0.0,0,1,0.0
400.0,0.0,0,0.0,0.0,45.0,98,0.0,0.0,131711,静流为了搭配泳装而\n特地准备的十字剑。为了让弟弟\n度过一个美好的夏天，在里面注满了\n姐姐的爱意和神圣加护之力。,0.0,0.0,0.0,1,0.0,0,0.0,0.0,浪花之心,0.0,0.0,0.0,0,1,6.0
0.0,0.0,0,0.0,0.0,0.0,98,0.0,0.0,131712,静流爱用的草帽。\n即便夏日结束，偶尔戴上它\n和弟弟一起重温夏日回忆，\n是她藏在心底的乐趣。,0.0,0.0,0.0,1,0.0,0,0.0,240.0,夏日的姐姐帽子,120.0,0.0,0.0,0,1,0.0
200.0,0.0,0,0.0,0.0,75.0,98,0.0,0.0,131721,为了慈乐之音夏日演唱会舞台而特地\n装饰过的望的剑。当苍蓝的光辉\n在舞台上起舞时，偶像的传说\n将写下崭新的一页！,0.0,0.0,0.0,1,0.0,0,0.0,13.0,光辉夏日,0.0,0.0,0.0,0,1,0.0
400.0,0.0,0,0.0,0.0,0.0,98,0.0,0.0,131731,为了慈乐之音夏日演唱会舞台而特地\n装饰过的千歌的法杖。千歌的歌声\n如海风一般温柔，和水精灵们\n一起包围着舞台。,0.0,0.0,52.0,1,0.0,0,1.0,0.0,翠夏杖海洋符石,0.0,0.0,0.0,0,1,0.0
300.0,0.0,0,0.0,0.0,57.0,98,0.0,0.0,131741,为了慈乐之音夏日演唱会舞台而特地\n装饰过的纺希的手套。\n与服装相配的可爱花朵\n牢牢吸引着观众们的视线。,0.0,0.0,0.0,1,0.0,0,0.0,15.0,夏日裁缝手套,0.0,0.0,0.0,0,1,0.0
0.0,0.0,0,0.0,0.0,90.0,98,0.0,0.0,131751,在大江户的医院工作的深月爱用\n的注射器。因其体积巨大而被患者们\n所畏惧。据深月所说，里面的\n特制药液的效果非常强悍。,0.0,0.0,0.0,1,0.0,0,0.0,30.0,玫瑰注射器,0.0,0.0,0.0,0,1,0.0
0.0,0.0,0,0.0,0.0,0.0,98,0.0,0.0,131761,自称是深月专属护士的雪\n准备的护士服。人们评价说，\n里面充满了最高级的可爱，光是看着\n就能治愈身心。,0.0,0.0,86.0,1,250.0,0,0.0,0.0,我可爱的护士服♪,0.0,0.0,0.0,0,1,0.0
700.0,0.0,0,0.0,0.0,20.0,98,0.0,0.0,131771,研究所的博士制作的对付妖魔用的\n制服。为了防备来自灵界的威胁，\n尽可能地对其进行了一些处理。\n装点心的南瓜子是香织亲手制作的。,0.0,0.0,0.0,1,0.0,0,0.0,20.0,琉球犬式南瓜道服,0.0,0.0,0.0,0,1,0.0
0.0,0.0,0,0.0,0.0,80.0,98,0.0,0.0,131781,研究所的博士制作的对付妖魔用的\n笛子。其音色能够鼓舞与妖魔对抗的\n伙伴，给予他们有如闪电般的速度，\n但实际上和忍术没有关系。,0.0,0.0,0.0,1,0.0,0,1.0,10.0,南瓜头响太郎,0.0,0.0,0.0,0,1,0.0
0.0,0.0,0,0.0,0.0,80.0,98,0.0,0.0,131791,研究所的博士制作的对付妖魔用的\n灵弓。毫不吝惜地投入了\n研究的成果，射出的箭\n会化为对妖魔的必杀一击。,0.0,0.0,0.0,1,0.0,0,0.0,40.0,灵弓不亲吻就捣蛋,0.0,0.0,0.0,0,1,0.0
0.0,20.0,0,0.0,0.0,80.0,98,0.0,0.0,131801,克蕾琪塔花了大价钱开发出的\n特制十字弓。附带算盘功能，\n在战场上也能算钱，不过\n好像每发出一击数字都会错位。,0.0,0.0,0.0,1,0.0,0,0.0,10.0,算盘劲弩,0.0,0.0,0.0,0,1,0.0
0.0,0.0,0,0.0,0.0,0.0,98,0.0,0.0,131811,这是兰法镶嵌了宝石的短杖。\n不仅能放大她容易变小的歌声，\n也可作为双足飞龙形\n宝石魔像的制作材料。,0.0,20.0,70.0,1,0.0,0,0.0,0.0,翠玉共鸣,10.0,0.0,10.0,0,1,0.0
0.0,0.0,0,0.0,0.0,0.0,98,0.0,0.0,131821,美空用于发射魔力弹的武器。\n虽本人声称“选择了至今\n被瞄准的话最危险的武器★”，\n但没有其他会使用的人。,0.0,15.0,80.0,1,0.0,0,0.0,0.0,美空的加特林,0.0,0.0,0.0,0,1,0.0
0.0,0.0,0,0.0,0.0,0.0,98,0.0,0.0,131901,化身为黑暗老师的伊绪身穿的礼服。\n爱与希望，以及黑暗之力\n将伊绪的魔性魅力\n增大到无法控制的程度。,0.0,24.0,77.0,1,0.0,0,0.0,0.0,黑暗老师礼服,0.0,0.0,0.0,0,1,0.0
500.0,0.0,0,0.0,0.0,0.0,98,0.0,0.0,131911,化身为黑暗受虐狂的空花所拥有的\n神秘宝珠。爱与希望，以及黑暗之力\n将空花乃至周围的人\n都拖入了受虐狂空间。,0.0,0.0,45.0,1,0.0,0,0.0,0.0,黑暗受虐狂宝珠,0.0,0.0,0.0,0,1,0.0
250.0,0.0,0,0.0,0.0,60.0,98,0.0,0.0,131921,真阳爱用的牧杖，为了圣诞节而做了\n一番装饰。为了搭配璃乃做的\n衣服而扮成圣诞老人\n模样的伊丽莎白显得十分可爱。,0.0,0.0,0.0,1,0.0,0,0.0,20.0,大圣牧杖伊丽莎白,0.0,0.0,0.0,0,1,0.0
0.0,0.0,0,0.0,0.0,80.0,98,0.0,0.0,131931,璃乃为了搭配自己准备的圣诞服装而\n做了一番装饰的大弓。\n设计十分巧妙，外观上具备圣诞树\n和圣诞花环的要素，而且很实用。,0.0,0.0,0.0,1,0.0,0,0.0,50.0,圣诞祝福弓,0.0,0.0,0.0,0,1,0.0
0.0,0.0,0,0.0,0.0,90.0,98,0.0,0.0,131991,璃乃做给在糕点店帮忙的宫子的服装。\n在糕点师服装上增加了一些富有圣诞\n节气息的元素，是一件很可爱的衣服。,0.0,0.0,0.0,1,0.0,0,0.0,35.0,布丁糕点师外套,0.0,0.0,0.0,0,1,0.0
300.0,0.0,0,0.0,0.0,0.0,98,0.0,0.0,132001,作为黑暗姐姐的一面分裂出的\n静流，为了与自己对峙而召唤\n出的迷你弟弟们的集合体。\n原理与效果完全未知，但威力超强。,0.0,0.0,0.0,1,0.0,0,0.0,0.0,君主弟弟,8.0,0.0,8.0,0,1,0.0
0.0,0.0,0,0.0,0.0,90.0,98,0.0,0.0,132071,【美食殿堂】的成员们为第一次\n过新年的雪菲所准备的盛装。\n加入了战士风格，做得比较短，\n这一点可可萝非常赞赏。,0.0,0.0,0.0,1,0.0,0,0.0,30.0,舞冰龙的神乐振袖,0.0,0.0,0.0,0,1,0.0
0.0,0.0,0,0.0,0.0,86.0,98,0.0,0.0,132081,流夏为了迎接新年而准备的故乡\n东国的盛装。被流夏的潇洒风度\n所启发的裁缝，投入了全部技术，\n使之成为一项空前绝后的精品。,0.0,0.0,0.0,1,0.0,0,1.0,30.0,碧色冬山茶花纹振袖,0.0,0.0,0.0,0,1,0.0
300.0,0.0,0,0.0,0.0,0.0,98,0.0,0.0,132091,为了迎接新年而穿上盛装的伊莉亚\n所爱用的斧头。通过其吉祥之力\n来巩固主人的魔力，不战斗时可以\n当成新春装饰品摆起来，非常实用。,0.0,20.0,50.0,1,0.0,0,0.0,0.0,新春尖牙斧,0.0,0.0,0.0,0,1,0.0
0.0,0.0,0,0.0,0.0,0.0,98,0.0,1.0,132101,因公主骑士的力量而失控变质的\n佩可莉姆的剑。由于其中\n释放出巨大的力量洪流，只能\n勉强保证它的存在不会崩溃。,0.0,0.0,0.0,1,0.0,0,1.0,12.0,超越叛逆的公主之剑,21.0,0.0,0.0,0,1,0.0
0.0,0.0,0,0.0,0.0,0.0,98,0.0,0.0,132111,因公主骑士的力量而失控变质的\n凯露的法杖。必须时不时释放\n过高的魔力，否则就会爆炸，\n其破坏的漩涡会毁灭一切。,0.0,10.0,90.0,1,0.0,0,0.0,0.0,超越叛逆的魔导书法杖,0.0,0.0,0.0,0,1,0.0
0.0,0.0,0,0.0,0.0,90.0,98,0.0,0.0,132121,因公主骑士的力量而失控变质的\n菈比莉斯塔的大剑。连七冠都无法\n控制的强大力量反过来侵蚀了其主人\n迷宫女王，并且力量还在不断扩散。,0.0,0.0,0.0,1,0.0,0,0.0,20.0,超越叛逆的女王之剑,0.0,0.0,0.0,0,1,0.0
200.0,0.0,0,0.0,0.0,55.0,98,0.0,0.0,132131,出演温泉音乐剧的胡桃的\n舞台服装。也兼做牧场售货员的\n服装。顾客们很喜欢这位\n招牌女店员兼女演员。,0.0,0.0,0.0,1,250.0,0,1.0,0.0,小小甜心演出服,0.0,0.0,0.0,0,1,0.0
260.0,25.0,0,0.0,0.0,0.0,98,0.0,0.0,132141,移动售货推车，是在牧场卖东西的\n美咲的搭档。这位小小的淑女\n售货员身边总是聚集着\n很多来买东西的人。,0.0,0.0,50.0,1,0.0,0,0.0,0.0,魔眼移动贩卖所,0.0,0.0,0.0,0,1,0.0
0.0,0.0,0,0.0,0.0,60.0,98,0.0,0.0,132151,帆稀为要进行卧底工作的步美\n所准备的特殊长矛。利用步美\n天然的隐匿能力，从背后\n攻击时可以发挥出最高的性能。,0.0,0.0,0.0,1,0.0,0,0.0,0.0,看不见的少女长矛,4.0,0.0,5.0,0,1,0.0
0.0,0.0,0,0.0,0.0,85.0,98,0.0,0.0,132161,帆稀为要进行卧底工作的祈梨\n所准备的特殊服装。上面施了\n阻隔气息的魔法，穿上它便能够\n趁对手不备之时送上必杀的一击。,0.0,0.0,0.0,1,0.0,0,0.0,30.0,不可视之龙,0.0,0.0,0.0,0,1,0.0
0.0,0.0,0,0.0,0.0,0.0,98,0.0,1.0,132191,称霸绝海的冥苍姬所穿的装束，也是\n海盗船长的证明。其中寄宿着统御七\n海的王者的灵魂，能给所有敌人带来\n海魔的诅咒与毁灭。,0.0,20.0,60.0,1,0.0,0,1.0,0.0,七界霸王晦冥喝破之装,0.0,0.0,0.0,0,1,0.0
150.0,0.0,0,0.0,0.0,75.0,98,0.0,0.0,132201,骷髅老爸为了搭配杏奈所准备的\n海上战斗用服装而挑选的大斧。\n和骷髅老爸相似的装饰能提高魔力，\n也可以作为船锚来行使探测术。,0.0,0.0,0.0,1,0.0,0,0.0,15.0,灵锚坚斧,0.0,0.0,0.0,0,1,0.0
0.0,0.0,0,0.0,0.0,70.0,98,0.0,0.0,132211,碧在露营时带着的特制弓弩。\n同时装上了都市派的弓臂\n和自然派的弓弦，似乎\n希望让这把弓看起来有现充的感觉。,0.0,0.0,0.0,1,0.0,0,0.0,25.0,单人露营弩,4.0,0.0,0.0,0,1,0.0
0.0,0.0,0,0.0,0.0,85.0,98,0.0,0.0,132221,由加莉露营时携带的一对马克杯。\n设计巧妙，无论装什么饮料\n都很有格调，可以用它\n和朋友们分享幸福时光。,0.0,0.0,0.0,1,0.0,0,0.0,30.0,露营双子马克杯,0.0,0.0,0.0,0,1,0.0
0.0,0.0,0,0.0,0.0,0.0,98,0.0,0.0,132231,斑比重要的朋友，是个很爱吃\n水果的软萌小家伙，实际上\n是龙的幼崽。两人之间有着\n超越种族的深厚情谊。,0.0,22.0,88.0,1,0.0,0,0.0,0.0,小贝丝,0.0,0.0,0.0,0,1,0.0
100.0,0.0,0,0.0,0.0,90.0,98,0.0,0.0,132241,为了在南方岛屿度假而准备的\n日和莉的泳装。其中充满了\n无可替代的夏日回忆，\n看着它就能打起精神来。,0.0,0.0,0.0,1,0.0,0,0.0,0.0,闪亮夏日比基尼,0.0,0.0,0.0,0,1,0.0
0.0,0.0,0,0.0,0.0,75.0,98,0.0,0.0,132251,为了在南方岛屿度假而准备的\n怜的剑。剑身封入了夏季的\n海风，每当挥剑之时\n就会甩出清凉的水花。,0.0,0.0,0.0,1,0.0,0,2.0,35.0,闪亮夏日长剑,0.0,0.0,0.0,0,1,0.0
400.0,0.0,0,0.0,0.0,0.0,98,0.0,0.0,132261,为了在南方岛屿度假而准备的\n优衣的发箍。灿烂盛开的\n夏花将秘而不宣的情感\n温柔地隐藏了起来。,0.0,0.0,0.0,1,0.0,0,0.0,0.0,闪亮夏日发带,11.0,0.0,0.0,0,1,0.0
0.0,0.0,0,0.0,0.0,0.0,98,0.0,0.0,132271,镜华为了在海上进行自由研究而\n准备的夏日风情法杖。除了\n对学习有用的功能，里面还悄悄\n安装了用于和大家一起玩的功能。,0.0,20.0,80.0,1,0.0,0,0.0,0.0,夏日追忆之杖,0.0,0.0,0.0,0,1,0.0
0.0,0.0,0,0.0,0.0,40.0,98,0.0,0.0,132281,未奏希为了在海上进行自由研究而\n准备的海用鞋。无论是在灼热的\n沙滩上，还是在湿滑的岩壁上，\n都能自由地奔跑和恶作剧。,0.0,0.0,0.0,1,0.0,0,0.0,0.0,海边的陷阱鞋,6.0,0.0,6.0,0,1,0.0
200.0,0.0,0,0.0,0.0,0.0,98,0.0,0.0,132291,为了在海上进行自由研究，\n妈妈为美美制作的帽子和手套。\n不但软软的很可爱，而且防水，\n可以作为护目镜和手套来使用。,0.0,0.0,0.0,1,0.0,0,0.0,0.0,兔兔泳装,8.0,0.0,8.0,0,1,0.0
100.0,0.0,0,0.0,0.0,0.0,98,0.0,0.0,132311,真步为了这次冒险之行在救济院大厅\n里连夜做的衣服。上面的各部件花了\n很多心思，能提高自己对于未知的冒\n险的干劲和期待。,0.0,0.0,88.0,1,0.0,0,0.0,0.0,真步真步旅行装,0.0,0.0,0.0,0,1,0.0
0.0,0.0,0,0.0,0.0,60.0,98,0.0,0.0,132321,真步为即将踏上冒险之旅的绫音\n所特制的服装。加了和搭档噗吉\n一样的装饰，穿上它，\n无论怎样的冒险都能乐在其中。,0.0,0.0,0.0,1,0.0,0,0.0,15.0,熊熊游猎装,7.0,0.0,0.0,0,1,0.0
300.0,0.0,0,0.0,0.0,0.0,98,0.0,0.0,132331,涅亚挂在脖子上的披帛状\n史莱姆。那不是装饰品，而是涅亚\n的一部分。可自由变形，\n主要用于戏耍卡利萨。,0.0,0.0,0.0,1,0.0,0,0.0,0.0,黏答答披帛,0.0,0.0,21.0,0,1,0.0
150.0,0.0,0,0.0,0.0,0.0,98,0.0,0.0,132351,铃满怀信任委托七七香制作的\n角色扮演服装。完美再现了\n角色服装的同时，还兼顾了\n居家休闲的舒适穿着体验。,0.0,0.0,0.0,1,0.0,0,0.0,20.0,懒洋洋僵尸帽,0.0,0.0,15.0,0,1,0.0
100.0,0.0,0,0.0,0.0,80.0,98,0.0,0.0,132361,为了满足智深藏的扮演愿望，七七香\n为她准备的服装。这套服装细节考究，\n在骑士团工作中也能发挥无可挑剔的\n性能。,0.0,0.0,0.0,1,0.0,0,0.0,15.0,万圣节警察变装,0.0,0.0,0.0,0,1,0.0
150.0,0.0,0,0.0,0.0,0.0,98,0.0,0.0,132371,七七香为兰创节而\n精心准备的角色扮演服装。\n其完成度高到甚至能完美\n再现原作角色的战斗力！,0.0,0.0,60.0,1,0.0,0,0.0,0.0,小七七香的巫师变装,0.0,0.0,5.0,0,1,0.0
0.0,0.0,0,0.0,0.0,90.0,98,0.0,0.0,132381,兔族为克莉丝提娜准备的\n传统铠甲。专为徒手格斗\n而设计，能充分发挥\n七冠的身体能力。,0.0,0.0,0.0,1,0.0,0,1.0,15.0,野兔装甲,0.0,0.0,0.0,0,1,0.0
400.0,0.0,0,0.0,0.0,45.0,98,0.0,0.0,132391,茉莉的母亲为茉莉制作的虎族\n传统铠甲。身着此铠甲通过仪式\n的人，其勇气将受到赞扬，并被\n众人视为独当一面。,0.0,0.0,0.0,1,0.0,0,0.0,22.0,猛虎铠甲,0.0,0.0,0.0,0,1,0.0
250.0,0.0,0,0.0,0.0,0.0,98,0.0,0.0,132401,在圣诞前夕的特别音乐会上，\n茜里用她趁手的萨克斯风演奏。\n她的笑容和她演奏的闪亮圣诞\n旋律一起，照亮了整个会场。,0.0,0.0,75.0,1,0.0,0,0.0,0.0,珍藏的萨克斯管,0.0,0.0,0.0,0,1,0.0
0.0,0.0,0,0.0,0.0,0.0,98,0.0,0.0,132411,作为圣诞礼物送给\n特别人物的玩偶的备用品。\n和依里有些神似，据说\n抚摸时会坦率吐露真心。,0.0,0.0,75.0,1,250.0,0,0.0,0.0,依里送的玩偶,0.0,0.0,0.0,0,1,0.0
200.0,0.0,0,0.0,0.0,0.0,98,0.0,0.0,132421,纯爱用的重铠被天使之力变化后的\n模样，不仅坚固无比，更蕴含着\n神圣的力量。穿着它，你可以像\n天使般优雅地从高空缓缓降落。,0.0,0.0,0.0,1,0.0,0,0.0,0.0,圣女假面铠甲,20.0,0.0,0.0,0,1,0.0
0.0,0.0,0,0.0,0.0,0.0,98,0.0,0.0,132451,成为温泉旅馆小老板娘的帆稀\n在大江户镇获得的高级扇子。\n仅仅拿在手里就显得很有威严和格调，\n自然而然地吸引周围的目光和尊敬。,0.0,25.0,70.0,1,0.0,0,1.0,0.0,龙老板娘的极道扇子,0.0,0.0,0.0,0,1,0.0
300.0,0.0,0,0.0,0.0,0.0,98,0.0,0.0,132461,成为温泉旅馆小老板娘的美里\n所穿着的旅馆代代传承的衣服。\n据说能将款待之心提升到极致，\n让任何客人都感到满足。,0.0,0.0,70.0,1,0.0,0,0.0,0.0,雾气缭绕母性小老板娘装束,0.0,0.0,0.0,0,1,0.0
0.0,0.0,0,0.0,0.0,90.0,98,0.0,0.0,132471,成为温泉旅馆小老板娘的深月\n所持有的定制烟管。是可以熏吸\n秘传药草的医疗器具，但从其硬度\n来看，有时候也能用于防身。,0.0,0.0,0.0,1,0.0,0,0.0,10.0,玫瑰老板娘的温泉疗养烟管,0.0,0.0,0.0,0,1,0.0
250.0,0.0,0,0.0,0.0,70.0,98,0.0,0.0,132481,渴望光明未来的歌姬获得\n解放之力以后得到的剑。充满希望的\n歌曲与表演能够唤醒所有人，\n让大家向未来迈进。,0.0,0.0,0.0,1,0.0,0,0.0,0.0,心之解放者,0.0,0.0,0.0,0,1,0.0
0.0,0.0,0,0.0,0.0,85.0,98,0.0,0.0,132491,蕴藏着能够摆脱过去的解放霸气的\n装束。闪耀的龙之右手撕裂了\n被过去囚困的人们的后悔，\n抓住失去的未来。,0.0,0.0,0.0,1,0.0,0,0.0,20.0,灵魂解放者,0.0,0.0,0.0,0,1,0.0
0.0,0.0,0,0.0,0.0,90.0,98,0.0,0.0,132501,从解放的记忆以及与搭档的情谊中显\n现的闪耀的天楼霸断剑。据说这种从\n所有桎梏中解放出来的力量就连统治\n天空的太阳之塔也能斩断。,0.0,0.0,0.0,1,0.0,0,0.0,15.0,天楼霸断剑“解放者”,0.0,0.0,0.0,0,1,0.0
0.0,0.0,0,0.0,0.0,80.0,98,0.0,0.0,132511,甜食党负责鲷鱼烧的店员\n珠希的制服。凭借在摊位销售中\n积累的待客技巧和对猫咪们的爱，\n今天的甜食党依然生意兴隆。,0.0,0.0,0.0,1,0.0,0,0.0,20.0,甜食党主任服,0.0,0.0,0.0,0,1,0.0
300.0,0.0,0,0.0,0.0,0.0,98,0.0,0.0,132521,甜食党负责粗点心的店员兼店长\n莫妮卡的制服。凭借种类繁多的\n点心和对店铺的爱，不分男女老幼地\n吸引了许许多多的猫和人。,0.0,0.0,0.0,1,0.0,0,0.0,0.0,甜食党店长服,8.0,0.0,8.0,0,1,0.0
0.0,0.0,0,0.0,0.0,85.0,98,0.0,0.0,132531,出色的游骑兵可可萝的\n可爱搭档。虽然身材小巧，\n但鼻子很灵敏，会帮助身为游骑兵的\n可可萝，是只温柔的小狗狗。,0.0,0.0,0.0,1,0.0,0,1.0,0.0,小狗狗主人,0.0,0.0,0.0,0,1,0.0
0.0,0.0,0,0.0,0.0,80.0,98,0.0,0.0,132541,顺利成为游骑兵的栞的\n可靠伙伴。自幼一起生活，\n心意相通，凭借与栞齐心协力的\n合体攻击，守护着森林的和平。,0.0,0.0,0.0,1,0.0,0,0.0,25.0,小喵特,0.0,0.0,0.0,0,1,0.0
250.0,0.0,0,0.0,0.0,0.0,98,0.0,0.0,132551,转职成为术士的姬塔\n使用魔力幻化而成的魔杖。\n她追求魔导神髓的不变意志\n使万象回归根源。,0.0,0.0,70.0,1,0.0,0,0.0,0.0,恶魔之杖,0.0,0.0,0.0,0,1,0.0
250.0,0.0,0,0.0,0.0,0.0,98,0.0,0.0,132561,追随毗伽菈的鼠神宫式神。\n侍奉历代子神，找到毗伽菈后，\n平时充当监护人，在战场上则\n作为武器支持着毗伽菈。,0.0,0.0,0.0,1,0.0,0,0.0,0.0,睡鼠夹,8.0,0.0,8.0,0,1,0.0
250.0,0.0,0,0.0,0.0,0.0,98,0.0,0.0,132571,作为炼金术师参加冒险者研修的\n花凛的药剂瓶。\n由工匠制作的特殊瓶子，\n不管封存什么药物都不会被侵蚀。,0.0,0.0,0.0,1,0.0,0,0.0,0.0,药剂瓶,8.0,0.0,8.0,0,1,0.0
0.0,0.0,0,0.0,0.0,92.0,98,0.0,0.0,132581,被作为『终端』利用时的\n禁忌之力的残渣。背负着\n永不消失的叹息和怨恨之声，\n少女今天也为了赎罪而挥舞着镰刀。,0.0,0.0,0.0,1,0.0,0,0.0,20.0,爱尔格雅的叹镰,0.0,0.0,0.0,0,1,0.0
0.0,0.0,0,0.0,0.0,60.0,98,0.0,0.0,132601,被作为“终端”使用时残留的\n可怕力量的渣滓。被战斗记忆\n折磨的少女，并未得到名为忘却的\n慈悲。,0.0,0.0,0.0,1,0.0,0,0.0,30.0,雷蒂的隐棘,0.0,0.0,0.0,0,1,0.0
300.0,0.0,0,0.0,0.0,0.0,98,0.0,0.0,132611,被作为“终端”使用时残留的\n可怕力量的渣滓。\n学会正确驾驭破坏秩序的毁灭之力，\n才是纯真少女的赎罪之道。,0.0,0.0,0.0,1,0.0,0,0.0,0.0,迪丝诺美亚的破杖,8.0,0.0,8.0,0,1,0.0
250.0,0.0,0,0.0,0.0,0.0,98,0.0,0.0,132621,通过传奇吸血鬼的力量结晶，\n恢复原本力量后的伊莉亚的装束。\n那强大的魔力让面对她的人心生畏惧，\n同时也不禁为之着迷。,0.0,10.0,70.0,1,0.0,0,0.0,0.0,统率黑夜之主的装束,0.0,0.0,0.0,0,1,0.0
300.0,0.0,0,0.0,0.0,0.0,98,0.0,0.0,132631,因传奇吸血鬼的力量结晶\n而变身的雪的装束。\n其美貌仅需存在，\n就能让周围的人为之兴奋。,0.0,0.0,72.0,1,0.0,0,0.0,0.0,统率美貌之主的装束,0.0,0.0,0.0,0,1,0.0
200.0,0.0,0,0.0,0.0,0.0,98,0.0,0.0,132661,享受夏日假期的似似花所戴的\n热带风格帽子。其设计旨在\n让她融入夏日海滩这一\n特殊地点，外观十分亮眼。,0.0,15.0,70.0,1,0.0,0,0.0,0.0,夏日草帽,0.0,0.0,0.0,0,1,0.0
250.0,0.0,0,0.0,0.0,0.0,98,0.0,0.0,132671,因商务兼度假而来到海边的\n秋乃所佩戴的首饰。宛如夏日\n积雨云般雪白，热情地\n衬托着发丝和花瓣的鲜红。,0.0,0.0,0.0,1,0.0,0,0.0,20.0,光辉夏日的回忆,0.0,0.0,8.0,0,1,0.0
300.0,0.0,0,0.0,0.0,0.0,98,0.0,0.0,132681,取得准一级圣骑士资格并获得\n麦酒圣骑士称号的由加莉所\n持有的冰凉酒杯。里面装的\n当然是由加莉特调的酒水。,0.0,0.0,0.0,1,0.0,0,0.0,0.0,夏日圣骑士酒杯,6.0,0.0,7.0,0,1,0.0
250.0,0.0,0,0.0,0.0,0.0,98,0.0,0.0,132691,兰法为了避开夏日阳光而\n挑选的阳伞。虽然害羞地用它\n遮住了脸，但美丽的身姿却无法被\n完全遮挡，反而吸引了众人的目光。,0.0,0.0,70.0,1,0.0,0,0.0,0.0,歌姬的阳伞,0.0,0.0,0.0,0,1,0.0
500.0,0.0,0,0.0,0.0,0.0,98,0.0,0.0,132701,为空花准备的特别泳装。\n其强力的紧身设计以及裸露的\n魅力美腿，激烈地刺激着空花的心，\n令其身体沉浸在夏日的氛围中。,0.0,0.0,0.0,1,0.0,0,0.0,25.0,空花特制绝对支配,0.0,0.0,0.0,0,1,0.0
0.0,0.0,0,0.0,0.0,85.0,98,0.0,0.0,132711,用于让骷髅老爸在水中活动的\n潜水装备，同时也是为了防止他\n搭讪的拘束工具。即使在水中，\n他依然会为了接近美女而燃烧着热情。,0.0,0.0,0.0,1,0.0,0,0.0,25.0,怪异！ 盛夏的骷髅老爸,0.0,0.0,0.0,0,1,0.0
240.0,0.0,0,0.0,0.0,0.0,98,0.0,0.0,132721,转入安布罗斯魔法学院时，\n凯露穿戴的帽子与眼镜。\n无可替代的青春岁月，\n化作直面困难的自信与力量。,0.0,0.0,60.0,1,0.0,0,2.0,0.0,青春四角帽,0.0,0.0,0.0,0,1,0.0
0.0,0.0,0,0.0,0.0,85.0,98,0.0,0.0,132731,转入安布罗斯魔法学院时，\n铃奈使用的学生包。\n和大家一起度过的青春放学回忆\n是绝不会褪色的情谊的证明。,0.0,0.0,0.0,1,0.0,0,0.0,25.0,青春校园书包,0.0,0.0,0.0,0,1,0.0
300.0,0.0,0,0.0,0.0,60.0,98,0.0,0.0,132751,萨拉萨利亚出售的传统服装\n之一。据说披上白天沙漠的\n灼热阳光，便能如篝火般\n照亮寒夜的黑暗。,0.0,0.0,0.0,1,0.0,0,0.0,0.0,炙热沙漠的萨拉萨利安,0.0,0.0,0.0,0,1,0.0
300.0,0.0,0,0.0,0.0,0.0,98,0.0,0.0,132761,萨拉萨利亚出售的传统服装\n之一。据说披上珍贵绿洲的\n清凉，便能赋予在严酷环境\n中生存的治愈之力。,0.0,0.0,0.0,1,0.0,0,0.0,0.0,清凉水畔的萨拉萨利安,12.0,0.0,0.0,0,1,0.0
400.0,0.0,0,0.0,0.0,0.0,98,0.0,0.0,132771,琳德爱用的清洁拖把。对甜食\n等黏腻污渍很有效。在战斗训练\n中折断了初代，而沮丧难过时\n妹妹赠送了第二代。,0.0,0.0,0.0,1,0.0,0,0.0,0.0,龙族女仆拖把,0.0,0.0,10.0,0,1,0.0
0.0,0.0,0,0.0,0.0,0.0,98,0.0,0.0,132781,维尔姆日常使用的茶具套装。\n不仅能用于侍奉，还能在工作中\n装样子，更能充当溜进厨房\n讨要饼干的绝佳借口，堪称万能。,0.0,25.0,80.0,1,0.0,0,0.0,0.0,龙族女仆茶具套装,0.0,0.0,0.0,0,1,0.0
400.0,0.0,0,0.0,0.0,0.0,98,0.0,0.0,132791,这是克蕾琪塔为了对佩可莉姆\n尽忠尽义，精心准备的最高级礼服。\n因预算超支遭到斥责后，\n调整了裙摆的长度。,0.0,0.0,0.0,1,0.0,0,1.0,0.0,圣诞公主,9.0,0.0,9.0,0,1,0.0
0.0,0.0,0,0.0,0.0,60.0,98,0.0,0.0,132801,克蕾琪塔为圣诞典礼\n准备的礼服。虽是象征着\n追随公主的忠臣、风格典雅的服饰，\n但知晓价格后周围的人都无法冷静。,0.0,0.0,0.0,1,0.0,0,0.0,20.0,圣诞里士满,0.0,0.0,0.0,0,1,0.0
0.0,0.0,0,0.0,0.0,65.0,98,0.0,0.0,132831,帆稀为祈梨准备的，\n新年时使用的槌。虽然喜欢\n华丽的龙头雕饰，但那龙的视线\n似乎总不经意瞥向祈梨的方向……,0.0,0.0,0.0,1,0.0,0,0.0,30.0,辰年神之大槌,0.0,0.0,0.0,0,1,0.0
0.0,0.0,0,0.0,0.0,0.0,98,0.0,0.0,132841,这是初音为搭配礼服而精心装饰的\n法杖。杖身点缀着与礼服纹样一样的\n纯白色大朵花儿，加速的悸动\n足以将睡意一扫而空。,0.0,25.0,70.0,1,0.0,0,0.0,0.0,新年☆流星,0.0,0.0,0.0,0,1,0.0
0.0,0.0,0,0.0,0.0,0.0,98,0.0,0.0,132851,香澄在灵山向狛犬献纳的\n祈愿绘马。上面所写内容\n和委托人的秘密一样永不公开，\n尤其对助手要严加保密。,0.0,30.0,65.0,1,0.0,0,0.0,0.0,新春献纳祈愿绘马​​,0.0,0.0,0.0,0,1,0.0
250.0,0.0,0,0.0,0.0,75.0,98,0.0,0.0,132871,星幽将构成这个世界的属性之力\n具现化的火之星象。\n日和莉心系同伴的心意化作烈焰，\n让包罗的万象成为助力。,0.0,0.0,0.0,1,0.0,0,0.0,0.0,火焰阿斯特拉,0.0,0.0,0.0,0,1,0.0
250.0,0.0,0,0.0,0.0,75.0,98,0.0,0.0,132881,星幽将构成这个世界的属性之力\n具现化的风之星象。\n怜不屈的意志化作飓风，\n驰骋森罗，讨伐挡路的敌人。,0.0,0.0,0.0,1,0.0,0,0.0,0.0,疾风阿斯特拉,0.0,0.0,0.0,0,1,0.0
250.0,0.0,0,0.0,0.0,0.0,98,0.0,0.0,132891,星幽将构成这个世界的属性之力具现\n化的光之星象。优衣强烈的心意之光，\n化作从天而降的流星，无论何处，都\n能倾洒而下。,0.0,0.0,75.0,1,0.0,0,0.0,0.0,光辉阿斯特拉,0.0,0.0,0.0,0,1,0.0
0.0,0.0,0,0.0,0.0,100.0,98,0.0,0.0,132931,这是优妮在百金币均一的店铺购置的\n水畔悠闲套装。只要贤者埋头书中，\n不管是哪里都能立刻化作“象牙塔”。\n简而言之就是打盹的地方。,0.0,0.0,0.0,1,0.0,0,0.0,0.0,硕学书斋·复制品​​,0.0,0.0,0.0,0,1,0.0
0.0,0.0,0,0.0,0.0,90.0,98,0.0,0.0,132941,克罗依随身携带的防水防锈\n万能业余道具。她坚称这是\n饮水站DIY必备精品。使得\n名校的随身物品检查制度形同虚设。,0.0,0.0,0.0,1,0.0,0,0.0,10.0,八煞,0.0,0.0,0.0,0,1,0.0
0.0,0.0,0,0.0,0.0,100.0,98,0.0,0.0,132981,这是训练后真琴最喜欢的\n一杯饮品。加了砂糖的甜咖啡\n能驱散疲惫，重新赋予她\n宛如利牙般锋锐的活力。,0.0,0.0,0.0,1,0.0,0,0.0,0.0,狼人拼配咖啡,0.0,0.0,0.0,0,1,0.0
0.0,0.0,0,0.0,0.0,65.0,98,0.0,0.0,132991,这既是荣誉教官徽章，也是\n惠理子为庆祝纪念日的爱的证明。\n若是心爱之人的愿望，就算排除万难\n也要为对方实现的想法越发强烈。,0.0,0.0,0.0,1,0.0,0,0.0,30.0,是的，亲爱的,0.0,0.0,0.0,0,1,0.0
0.0,0.0,0,0.0,0.0,0.0,98,0.0,0.0,133071,赏花庆典穿的连衣裙，\n为镜华重新改造后，\n穿着感舒适宛如羽衣。\n据说迎风时会感觉有点痒。,0.0,0.0,70.0,1,0.0,0,0.0,0.0,苍穹芙罗拉,5.0,0.0,5.0,0,1,0.0
0.0,0.0,0,0.0,0.0,0.0,98,0.0,0.0,133081,铃莓亲手改造的点缀着花朵装饰的\n连衣裙。对于平日总是穿女仆装或\n打工制服的她而言，这是在\n特殊日子穿的心爱衣裳。,0.0,20.0,80.0,1,0.0,0,0.0,0.0,日光芙罗拉,0.0,0.0,0.0,0,1,0.0
600.0,0.0,0,0.0,0.0,0.0,98,0.0,0.0,133091,作为吉祥物兼员工24小时\n无休工作的游乐园伙伴们。\n近来通过和其他世界的居民交流，\n好像学会了福利待遇的概念。,0.0,0.0,0.0,1,0.0,0,1.0,0.0,宝石兔兔,0.0,0.0,0.0,0,1,0.0
0.0,0.0,0,0.0,0.0,0.0,98,0.0,0.0,133101,库露露为真步公主准备的\n特别衣服。用梦和童话让\n客人展露笑容的暗号当然是，\n神奇真步魔法灵，咕噜灵波☆,0.0,10.0,90.0,1,0.0,0,0.0,0.0,真步真步梦幻套装,0.0,0.0,0.0,0,1,0.0
350.0,0.0,0,0.0,0.0,40.0,98,0.0,0.0,133111,这是涅亚以史莱姆为模型制作的\n巨大沙堡。卡利萨逃脱后，\n这里成了深受海滩少男少女\n欢迎的游乐设施。,0.0,0.0,0.0,1,0.0,0,0.0,0.0,卡利萨弟弟乐园,8.0,0.0,8.0,0,1,0.0
400.0,0.0,0,0.0,0.0,0.0,98,0.0,0.0,133121,美空用于发射魔力水弹的武器。\n虽本人宣称“提到夏天果然\n少不了这个呢★”，\n但除她以外没有第二个人拥有此物。,0.0,20.0,40.0,1,0.0,0,0.0,0.0,美空的水枪,0.0,0.0,0.0,0,1,0.0
0.0,0.0,0,0.0,0.0,70.0,98,0.0,0.0,133161,莉莉准备的用于劈西瓜的木刀。\n虽然千锤百炼的锻造后\n质朴刚健，但带去夏日海滨时\n她特意装饰了娇嫩的花朵。,0.0,0.0,0.0,1,0.0,0,0.0,0.0,木刀·劈西瓜,7.0,0.0,7.0,0,1,0.0
0.0,0.0,0,0.0,0.0,0.0,98,0.0,0.0,133171,你为爱梅斯挑选的泳衣。\n不止是在一旁观看。\n也并非属于他人的。\n是和你共度的，无可替代的夏日回忆。,0.0,30.0,65.0,1,0.0,0,0.0,0.0,水之妖精,0.0,0.0,0.0,0,1,0.0
0.0,0.0,0,0.0,0.0,0.0,98,0.0,0.0,133181,帆稀爱用的高级防晒霜。\n据说过去曾试图擅自偷走\n变卖的祈梨被处以接受\n索尔生成器的刑罚。,0.0,15.0,80.0,1,0.0,0,0.0,0.0,龙的假日,0.0,0.0,0.0,0,1,0.0
0.0,0.0,0,0.0,0.0,0.0,98,0.0,0.0,133191,陪伴在爱蜜莉雅身边，\n自称能歌善舞的夏日偶像猫咪。\n身着昴设计的装扮，\n与爱蜜莉雅一同尽情享受大海。,0.0,0.0,30.0,1,0.0,0,0.0,0.0,帕克（夏日）,8.0,0.0,8.0,0,1,0.0
0.0,0.0,0,0.0,0.0,0.0,98,0.0,0.0,133201,艾姬多娜为夏日茶会准备\n的茶壶。为迎合炎热夏季\n采用清凉的玻璃材质，可尽情观赏\n茶叶在水中舞动的姿态。,0.0,10.0,90.0,1,0.0,0,0.0,0.0,魔女的茶具套装,0.0,0.0,0.0,0,1,0.0
0.0,0.0,0,0.0,0.0,50.0,98,0.0,0.0,133211,雷姆爱用的带刺铁球，表面经过防水\n涂层处理。通过掌握钓鱼技巧，\n现在能发挥出比以往更惊人的\n如有鬼助的威力和更高的命中率。,0.0,0.0,0.0,1,0.0,0,0.0,50.0,夏日晨星,0.0,0.0,0.0,0,1,0.0
0.0,0.0,0,0.0,0.0,0.0,98,0.0,0.0,133221,望通过炼金术制作的专属香水。\n忠实地再现了你的气息，\n但若嗅闻过多，副作用会令人\n愈发思念起真实的你。,0.0,20.0,80.0,1,0.0,0,0.0,0.0,炼金术师香水,0.0,0.0,0.0,0,1,0.0
0.0,0.0,0,0.0,0.0,105.0,98,0.0,0.0,137011,环奈爱用的闪耀着光芒的剑。作为新晋女演员，一直不断磨练自身，剑光所到之处绽放的光芒，指引着梦想中的方向。,0.0,0.0,0.0,1,0.0,0,0.0,12.0,闪亮之剑,0.0,0.0,0.0,0,1,0.0
0.0,0.0,0,0.0,0.0,80.0,98,1.0,0.0,137021,为了迎接新年穿上振袖和服的环奈所持的木杵。饱含心意用力挥动木杵制作的手打年糕，能够给周围的同伴带来满满的幸福。,0.0,0.0,0.0,1,0.0,0,0.0,25.0,新春一起打年糕,0.0,0.0,0.0,0,1,0.0
0.0,0.0,0,0.0,0.0,80.0,98,0.0,0.0,138011,化身为公主形态的日和莉的手甲。公主骑士的权能与日和莉的勇气相呼应，产生了爆炸性的攻击力。,0.0,0.0,0.0,1,0.0,0,1.0,50.0,狂野公主拳套,0.0,0.0,0.0,0,1,0.0
0.0,0.0,0,0.0,0.0,0.0,98,0.0,0.0,138021,变身为公主形态的优衣所穿的长袍。\n公主骑士的权能与优衣的心愿交相呼\n应，创造出无与伦比的魔力。,0.0,30.0,75.0,1,0.0,0,1.0,0.0,许愿公主长袍,0.0,0.0,0.0,0,1,0.0
0.0,0.0,0,0.0,0.0,80.0,98,0.0,0.0,138031,化身为公主形态的怜的\n礼服裙。公主骑士的权能\n与怜的意志相呼应，产生了\n令人目不暇接的神速剑击。,0.0,0.0,0.0,1,0.0,0,2.0,35.0,绚丽公主裙,0.0,0.0,0.0,0,1,0.0
500.0,0.0,0,0.0,0.0,22.0,98,0.0,0.0,138041,变身为公主形态的佩可莉姆所穿的礼\n裙。“皇家装备”的特性\n因为公主骑士的权能得到强化，\n获得了压倒性的力量。,0.0,0.0,0.0,1,0.0,0,2.0,44.0,皇家公主礼裙,0.0,0.0,0.0,0,1,0.0
350.0,0.0,0,0.0,0.0,0.0,98,0.0,0.0,138051,化身为公主形态的可可萝的服装。\n能凭借公主骑士的权能，\n与周围所有的精灵交流，\n并给予同伴们强力支援。,0.0,0.0,0.0,1,0.0,0,0.0,0.0,慈爱公主长袍,7.0,0.0,7.0,0,1,0.0
0.0,0.0,0,0.0,0.0,0.0,98,0.0,1.0,138061,化身为公主形态的凯露的法杖。公主骑士的权能可引出魔导书中无限的魔力，释放出天灾般的攻击。,0.0,20.0,75.0,1,0.0,0,2.0,0.0,无畏公主法杖,0.0,0.0,0.0,0,1,0.0
0.0,0.0,0,0.0,0.0,90.0,98,0.0,0.0,138071,姐妹俩渴望守护心中重要的人，这份\n共同的心愿汇聚成两枚成对的发饰。\n反映出彼此印象的色彩，象征着她们\n之间深厚的情谊。,0.0,0.0,0.0,1,0.0,0,0.0,30.0,初音和栞的发饰,0.0,0.0,0.0,0,1,0.0
0.0,0.0,0,0.0,0.0,90.0,98,0.0,0.0,138081,美美和未奏希以及镜华\n用公会报酬买下的同款\n缎带。【小小甜心】的精彩\n大冒险才刚刚开始♪,0.0,0.0,0.0,1,0.0,0,2.0,10.0,小小大冒险的回忆,0.0,0.0,0.0,0,1,0.0
0.0,0.0,0,0.0,0.0,85.0,98,0.0,0.0,138091,因为秋乃和咲恋心意合一\n而诞生的高贵发饰。\n时而相争，时而携手共进，\n这才是最好的劲敌,0.0,0.0,0.0,1,0.0,0,1.0,20.0,劲敌们的光辉,0.0,0.0,0.0,0,1,0.0
