prefab_id,cutin_2,move_speed,start_time,guild_id,cutin1_star6,normal_atk_cast_time,cutin_1,original_unit_id,exskill_display,rarity,se_type,end_time,motion_type,unknown_1,unit_id,cutin2_star6,unit_name,comment,is_limited,prefab_id_battle,atk_type,search_area_width,only_disp_owned,kana
100101,0,450,2020/01/01 0:00:00,7,100101,2.295,100101,0,0,1,1,2099/12/31 23:59:59,1,0,100101,0,日和莉,【物理】前卫，击退敌方前线，面带笑容的活力女生。攻击\n型角色，连结爆发可对前卫造成高等伤害，拥有强化自身攻\n击力的技能。,0,0,1,200,0,riheli
100201,0,450,2020/01/01 0:00:00,7,100201,2.27,100201,0,0,1,7,2099/12/31 23:59:59,7,0,100201,0,优衣,【魔法】位于最后列回复和辅助己方角色的魔法士。抗打击\n能力弱，但拥有很高的魔法攻击力，升级后攻击和辅助能力\n都将更具平衡感。,0,0,2,800,0,youyi
100301,0,450,2020/01/01 0:00:00,7,100301,1.965,100301,0,0,1,4,2099/12/31 23:59:59,4,0,100301,0,怜,【物理】前卫，以一点突破讨伐敌人的孤高的剑士。连结爆\n发和技能都擅长击倒眼前的敌人，灵活运用高火力的攻击技\n能来推高战线。,0,0,1,250,0,lian
100401,0,450,2020/01/01 0:00:00,13,100401,2.17,100401,0,0,1,1,2099/12/31 23:59:59,1,0,100401,0,未奏希,【物理】在最前列妨碍敌人物理攻击的恶作剧女孩。除了使\n眼前的敌人陷入黑暗状态，大幅降低命中率之外，还能通过\n技能降低一名敌人的物理攻击力。,0,0,1,205,0,weizouxi
100501,0,450,2020/10/09 11:00:00,2,100501,2.125,100501,0,0,2,2,2099/12/31 23:59:59,2,0,100501,0,茉莉,【物理】前卫，凭借敏捷动作搅乱敌阵的骑士实习生。发动\n连结爆发跃入对方阵地中央，用攻击自身周围的技能对敌人\n发起进攻。,0,0,1,185,0,moli
100601,0,450,2020/01/01 0:00:00,14,100601,2.19,100601,0,0,2,6,2099/12/31 23:59:59,6,0,100601,0,茜里,【魔法】中卫，负责强化魔法型队伍的双胞胎妹妹。可以使\n用大幅度降低敌人魔法防御力的技能、以及可提升魔法攻击\n力、并附带回复效果的连结爆发。,0,0,2,570,0,qianli
100701,0,450,2020/01/01 0:00:00,14,100701,1.7,100701,0,0,2,3,2099/12/31 23:59:59,3,0,100701,0,宫子,【物理】在最前列战斗，善于闪避敌人攻击的幽灵少女。运\n用技能变身为幽灵躲避敌人的攻击，再用连结爆发将敌人变\n成布丁后吃掉。,0,0,1,125,0,gongzi
100801,0,450,2020/01/01 0:00:00,12,100801,2.07,100801,0,0,2,7,2099/12/31 23:59:59,21,0,100801,0,雪,【魔法】后卫，作为物理型队伍的辅助，行走的艺术品。拥\n有使己方的连结爆发提早发动的技能，还能让敌人陷入黑暗\n状态，封印敌人的物理攻击。,0,0,2,805,0,xue
100901,0,450,2020/01/01 0:00:00,11,100901,2.25,100901,0,0,3,5,2099/12/31 23:59:59,5,0,100901,0,杏奈,【魔法】中卫，以压倒性的魔力进行攻击的疾风之冥姬。能\n用连结爆发给全体敌人造成高等伤害，但由于魔力过高，因\n此也对自身安全带来相应的风险。,0,0,2,440,0,xingnai
101001,0,450,2020/01/01 0:00:00,4,101001,2.27,101001,0,0,3,7,2099/12/31 23:59:59,7,0,101001,0,真步,【魔法】在后卫支援同伴的童话少女。用强化全体同伴、回\n复技能值的连结爆发，以及回复生命值、使敌人陷入黑暗的\n技能使战况好转。,0,0,2,795,0,zhenbu
101101,0,450,2020/01/01 0:00:00,6,101101,1.97,101101,0,0,3,8,2099/12/31 23:59:59,8,0,101101,0,璃乃,【物理】后卫，对敌人降下箭雨的妹系弓箭手。拥有提高暴\n击率、可叠加使用的技能，使多段伤害的连结爆发更加强力。,0,0,1,700,0,linai
101201,0,450,2020/01/01 0:00:00,9,101201,2.07,101201,0,0,3,7,2099/12/31 23:59:59,7,0,101201,0,初音,【魔法】后卫，擅长应对物理型队伍的超能力女孩。其技能\n对抗使用物理攻击的敌人时能够发挥出真正价值，将物理攻\n击型的敌方队伍一网打尽。,0,0,2,755,0,chuyin
101301,0,450,2020/12/10 9:00:00,9,101301,2.07,101301,0,0,2,7,2099/12/31 23:59:59,7,0,101301,0,七七香,【魔法】后卫，释放多种魔法的家里蹲魔法少女。连结爆发\n与技能均会以敌方体力最多的敌人作为目标，是根据敌人生\n命值情况而变更攻击对象的高伤害魔法攻击。,0,0,2,740,0,qiqixiang
101401,0,450,2021/03/15 11:00:00,9,101401,2.27,101401,0,0,3,7,2099/12/31 23:59:59,21,0,101401,0,香澄,【魔法】后卫，专精骚扰敌方行动的名侦探。使用技能对敌\n方施加束缚及混乱状态来扰乱敌人行动，而后展开降低魔法\n防御力的领域，将敌方一军。,0,0,2,730,0,xiangcheng
101501,0,450,2020/06/23 11:00:00,9,101501,2.27,101501,0,0,2,7,2099/12/31 23:59:59,9,0,101501,0,美里,【魔法】作为后卫对魔法型角色进行支援，是大家的老师。\n连结爆发是生命值回复＆魔防提高，技能为持续回复最前列\n角色的生命值，可以大幅提高同伴的耐久力。,0,0,2,735,0,meili
101601,0,450,2020/01/01 0:00:00,15,101601,1.97,101601,0,0,2,8,2099/12/31 23:59:59,8,0,101601,0,铃奈,【物理】作为后卫发动暴击攻击的人气模特。暴击不仅能使\n伤害翻倍使用让攻击力提升的技能，还能让破坏力更强。,0,0,1,705,0,lingnai
101701,0,450,2020/01/01 0:00:00,4,101701,2.17,101701,0,0,2,1,2099/12/31 23:59:59,1,0,101701,0,香织,【物理】在最前列战斗，用叠加型技能对敌方造成伤害的南\n国女孩。发动技能“精神统一”后，香织攻击时会叠加对敌\n人的效果，后续造成的伤害会逐渐增加。,0,0,1,145,0,xiangzhi
101801,0,450,2020/01/01 0:00:00,15,101801,2.6,101801,0,0,3,5,2099/12/31 23:59:59,5,0,101801,0,伊绪,【魔法】后卫，诱惑全体敌人的性感教师。用夺取敌人技能\n值的技能延后敌人的连结爆发，释放诱惑的连结爆发，使战\n场陷入混乱。,0,0,2,715,0,yixu
102001,0,450,2020/01/01 0:00:00,13,102001,2.125,102001,0,0,2,5,2099/12/31 23:59:59,5,0,102001,0,美美,【物理】中卫，击垮敌方前卫的兔兔少女。连结爆发不仅能\n给最近的敌人施加高等伤害也能攻击其后的敌人，能够在战\n斗前期攻陷前卫。,0,0,1,360,0,meimei
102101,0,450,2020/01/01 0:00:00,3,102101,1.675,102101,0,0,1,3,2099/12/31 23:59:59,3,0,102101,0,胡桃,【物理】前卫，精于强化己方防守的极度害羞的女孩。用技\n能使自己周围的物理、魔法防御力上升，同时能使附近敌人\n陷入眩晕状态，使其难以接近。,0,0,1,240,0,hutao
102201,0,450,2020/01/01 0:00:00,14,102201,2.19,102201,0,0,1,6,2099/12/31 23:59:59,6,0,102201,0,依里,【魔法】中卫，使用强力魔法进行攻击的双胞胎姐姐。用自\n身的生命值作为交换，提升魔法攻击力，加强连结爆发或技\n能的攻击威力。,0,0,2,575,0,yili
102301,0,450,2020/05/28 11:00:00,3,102301,1.425,102301,0,0,2,3,2099/12/31 23:59:59,3,0,102301,0,绫音,【物理】前卫，扰乱战场的小熊少女。用连结爆发将对方击\n飞的同时使其眩晕并施加高等伤害，扰乱敌方阵形。,0,0,1,210,0,lingyin
102501,0,450,2020/01/01 0:00:00,3,102501,2.27,102501,0,0,1,7,2099/12/31 23:59:59,7,0,102501,0,铃莓,【魔法】后卫，善于回复与攻击的冒失女仆。回复周围同伴\n的生命值并增强他们的物理攻击力其技能与中卫、后卫的攻\n击型角色十分合拍。,0,0,2,720,0,lingmei
102601,0,450,2020/05/07 13:00:00,3,102601,2.34,102601,0,0,2,6,2099/12/31 23:59:59,6,0,102601,0,铃,【物理】中卫，强化物理型队伍的懒散少女。提升同伴物理\n攻击力的同时，也提高队友的魔法防御力，在攻守两方面都\n能支援队伍。,0,0,1,550,0,ling
102701,0,450,2020/01/01 0:00:00,11,102701,1.425,102701,0,0,2,3,2099/12/31 23:59:59,3,0,102701,0,惠理子,【物理】前卫，用毒技能粉碎敌人，通称破坏者。拥有最高\n级别的攻击力，每次用连结爆发击倒敌人时，其攻击力会再\n度提升。,0,0,1,230,0,huilizi
102801,0,450,2020/01/01 0:00:00,3,102801,2.09,102801,0,0,3,4,2099/12/31 23:59:59,4,0,102801,0,咲恋,【物理】中卫，追求一击逆转的大家的咲恋妈妈。用生命值\n越低、伤害越高的连结爆发与回复同伴技能值的技能，一口\n气将形势逆转。,0,0,1,430,0,xiaolian
102901,0,450,2020/01/01 0:00:00,10,102901,1.965,102901,0,0,3,4,2099/12/31 23:59:59,4,0,102901,0,望,【物理】前卫，作为大家的壁垒而战斗的偶像，望。她站在\n舞台上，会使同伴的物理攻击力大幅提升，还能吸引敌方注\n意。,0,0,1,160,0,wang
103001,0,450,2020/01/01 0:00:00,12,103001,2.25,103001,0,0,3,5,2099/12/31 23:59:59,5,0,103001,0,妮侬,【物理】中卫，使用强力大范围攻击的忍者。用大范围攻击\n技能击倒敌人以回复自身的技能值，提升强力连结爆发的发\n动频率。,0,0,1,415,0,ninong
103101,0,450,2020/01/01 0:00:00,14,103101,2.25,103101,0,0,2,5,2099/12/31 23:59:59,5,0,103101,0,忍,【物理】中卫，召唤父亲的骷髅来进行战斗的灵能少女。召\n唤出的父亲可与她分别进行攻击，也可以替她承受伤害。,0,0,1,365,0,ren
103201,0,450,2020/01/01 0:00:00,8,103201,2.125,103201,0,0,3,5,2099/12/31 23:59:59,5,0,103201,0,秋乃,【物理】前卫，大闹一通进行攻击的千金小姐剑士。在自己\n周围制造回复同伴生命值的领域，亲自支援并引领前线，不\n愧为背负名门使命之人。,0,0,1,180,0,qiunai
103301,0,450,2020/01/01 0:00:00,5,103301,2.34,103301,0,0,2,6,2099/12/31 23:59:59,6,0,103301,0,真阳,【物理】中卫，扰乱对手的牧场主。能够击退敌方\n前卫破坏阵型，迫使敌人进入己方角色攻击的范围。,0,0,1,395,0,zhenyang
103401,0,450,2020/01/01 0:00:00,8,103401,2.4,103401,0,0,1,5,2099/12/31 23:59:59,5,0,103401,0,由加莉,【物理】中卫，用屏障或回复技能保护同伴的前圣骑士。使\n用技能回复受伤同伴的生命值或技能值，及时支援因持续的\n战斗而造成的消耗。,0,0,1,405,0,youjiali
103601,0,450,2020/06/08 11:00:00,0,103601,2.07,103601,0,0,3,7,2099/12/31 23:59:59,7,0,103601,0,镜华,【魔法】后卫，用强力魔法进行攻击的小小优等生。使用技\n能瞬时提高魔法攻击力后，释放连结爆发对敌方单体进行威\n力出众的攻击。,0,0,2,810,0,jinghua
103701,0,450,2020/09/28 9:00:00,2,103701,1.965,103701,0,0,3,4,2099/12/31 23:59:59,4,0,103701,0,智,【物理】前卫，通过快速斩击收割敌人生命的剑术少女。通\n过连结爆发提升自身攻击力与行动速度，另外还能将攻击技\n能的歼灭能力提高至极限，碾压敌人。,0,0,1,220,0,zhi
103801,0,450,2020/01/01 0:00:00,5,103801,1.97,103801,0,0,2,8,2099/12/31 23:59:59,8,0,103801,0,栞,【物理】位于最后列连续发动高火力技能的狙击手。其技能\n可在给予伤害的同时回复技能值，能够迅速发动威力强大的\n连结爆发。,0,0,1,710,0,kan
104001,0,450,2020/01/01 0:00:00,9,104001,1.97,104001,0,0,1,8,2099/12/31 23:59:59,8,0,104001,0,碧,【物理】位于最后列释放带来异常状态箭矢的孤单射手。箭\n矢给予伤害的同时还追加中毒或麻痹的效果，因此即使面对\n高防御力的敌人，也能有效削减其生命值。,0,0,1,785,0,bi
104201,0,450,2020/01/01 0:00:00,10,104201,2.27,104201,0,0,2,7,2099/12/31 23:59:59,7,0,104201,0,千歌,【魔法】作为后卫支援前卫战斗的唱唤士。用连结爆发在最\n前线唱唤出能够治疗同伴和攻击敌人的精灵。,0,0,2,790,0,qiange
104301,0,450,2020/01/01 0:00:00,4,104301,2.125,104301,0,0,3,5,2099/12/31 23:59:59,5,0,104301,0,真琴,【物理】前卫，能够削减敌人防御力的正义兽人。通过降低\n敌方角色的防御力，对敌人施加有效的伤害在战斗早期突破\n敌方的防守。,0,0,1,165,0,zhenqin
104401,0,450,2020/07/06 11:00:00,12,104401,1.425,104401,0,0,3,3,2099/12/31 23:59:59,3,0,104401,0,伊莉亚,【魔法】作为中卫以生命为代价进行攻击的“夜之统领”。\n其技能以自己的生命值为代价，具有高歼灭能力范围攻击的\n威力也遥遥领先。,0,0,2,425,0,yiliya
104501,0,450,2020/01/01 0:00:00,12,104501,2.375,104501,0,0,2,2,2099/12/31 23:59:59,2,0,104501,0,空花,【物理】在前卫作为诱饵，引诱敌方攻击的失控被动型角色。\n通过连结爆发，为自身张开魔法屏障，吸收敌方魔法攻击，\n回复生命值。,0,0,1,130,0,konghua
104601,0,450,2020/01/01 0:00:00,8,104601,2.25,104601,0,0,2,2,2099/12/31 23:59:59,2,0,104601,0,珠希,【物理】前卫，擅长对付魔法队伍，随心所欲的猫女。攻击\n技能专门狙击“魔法攻击力最强的敌人”，并附加有施加伤\n害、降低魔法攻击力、吸收技能值效果。,0,0,1,215,0,zhuxi
104701,0,450,2020/04/23 13:00:00,2,104701,2.125,104701,0,0,3,5,2099/12/31 23:59:59,5,0,104701,0,纯,【物理】在最前列操纵完全防御技能的骑士团长。用连结爆\n发展开可吸收所有伤害的屏障。在长期战斗中有压倒性的超\n常防御性能。,0,0,1,135,0,chun
104801,0,450,2020/01/01 0:00:00,8,104801,2.19,104801,0,0,2,6,2099/12/31 23:59:59,6,0,104801,0,美冬,【物理】中卫，拥有眩晕与回复技能的佣兵战士。同时拥有\n高防御力与自我回复能力，可加固中卫防守，支撑队伍。,0,0,1,420,0,meidong
104901,0,450,2020/01/01 0:00:00,6,104901,2.375,104901,0,0,3,5,2099/12/31 23:59:59,5,0,104901,0,静流,【物理】前卫，保护同伴不受物理攻击的姐姐。用技能展开\n使物理攻击无效的屏障，保护所有同伴，还给自身展开吸收\n物理攻击的屏障，以对抗敌方前卫。,0,0,1,285,0,jingliu
105001,0,450,2020/01/01 0:00:00,15,105001,2.07,105001,0,0,1,7,2099/12/31 23:59:59,7,0,105001,0,美咲,【魔法】作为后卫进行范围攻击的女巫小姐。拥有释放多次\n范围攻击的技能与攻击眼前所有敌人的连结爆发，是专精范\n围攻击的角色。,0,0,2,760,0,meixiao
105101,0,450,2020/01/01 0:00:00,11,105101,2.25,105101,0,0,2,5,2099/12/31 23:59:59,5,0,105101,0,深月,【物理】中卫，能够展开领域弱化敌方的独眼恶魔。领域的\n持续时间很短，但其效果能够大幅削减范围内敌人的物理防\n御力。,0,0,1,565,0,shenyue
105201,0,450,2020/01/01 0:00:00,5,105201,2.215,105201,0,0,1,4,2099/12/31 23:59:59,4,0,105201,0,莉玛,【物理】在最前列保护同伴的恋爱少女。战斗开始\n后，稍等片刻便会突进到最前线，挡在敌人面前。,0,0,1,105,0,lima
105301,0,450,2020/01/01 0:00:00,12,105301,2.24,105301,0,0,3,4,2099/12/31 23:59:59,4,0,105301,0,莫妮卡,【物理】中卫，提升己方攻击力的军人女孩。大幅提升全体\n己方角色的物理、魔法攻击力，和提升攻击速度，可使战斗\n迅速终结。,0,0,1,410,0,monika
105401,0,450,2020/07/20 11:00:00,10,105401,2.42,105401,0,0,2,1,2099/12/31 23:59:59,1,0,105401,0,纺希,【物理】作为前卫，精于干扰敌人的裁缝女孩。通过强制移\n动敌人破坏阵型，另外还能降低敌人的移动速度、行动速度，\n延迟对方的反击。,0,0,1,195,0,fangxi
105501,0,450,2021/03/30 11:00:00,12,105501,2.34,105501,0,0,1,48,2099/12/31 23:59:59,48,0,105501,0,步美,【物理】中卫，手忙脚乱干扰敌人的纯情少女。除了有使敌\n人眩晕的技能之外，连结爆发会给敌人施加黑暗与混乱状态，\n起到妨碍敌人的作用。,0,0,1,510,0,bumei
105601,0,450,2020/11/30 11:00:00,2,105601,1.965,105601,0,0,3,4,2099/12/31 23:59:59,4,0,105601,0,流夏,【物理】在前卫为了己方挥剑的潇洒大姐头。拥有可以对敌\n人进行反击的挑拨技能，以及降低敌人防御力的连结爆发，\n无论攻守都能发挥实力。,0,0,1,158,0,liuxia
105701,0,450,2020/01/01 0:00:00,4,170301,1.965,105701,0,0,3,4,2099/12/31 23:59:59,4,0,105701,0,姬塔,【物理】中卫，擅长范围攻击与战斗辅助的新晋女演员。能\n够快速击溃前方范围内的敌人。并且可以提升己方角色的战\n斗能力和行动速度。,0,0,1,245,0,jita
105801,0,450,2020/01/01 0:00:00,1,105801,2.25,105801,0,0,1,5,2099/12/31 23:59:59,5,0,105801,0,佩可莉姆,【物理】前卫，全力守护同伴的饿肚子剑士。生命值高，加\n之自身也可回复生命值可担任同伴的壁垒直到生命值耗尽。,0,0,1,155,0,peikelimu
105901,0,450,2020/01/01 0:00:00,1,105901,2.34,105901,0,0,1,6,2099/12/31 23:59:59,6,0,105901,0,可可萝,【物理】中卫，用辅助和攻击支援大家的引导者。以连结爆\n发提升同伴全体的攻击力，加之自身也能进行回复，因此可\n进行持续支援。,0,0,1,500,0,kekeluo
106001,0,450,2020/01/01 0:00:00,1,106001,2.07,106001,0,0,1,7,2099/12/31 23:59:59,7,0,106001,0,凯露,【魔法】作为后卫释放强力全体攻击，好强的猫咪少女。可\n用技能降低敌方物理、魔法防御力在任何队伍都能发挥作用，\n使战斗变得有利。,0,0,2,750,0,kailu
106101,0,450,2024/05/28 11:00:00,7,106101,1.8,106101,0,0,3,2,2024/05/31 17:59:59,2,0,106101,0,矛依未,【物理】作为前卫使用传说之剑“天楼霸断剑”的少女。发\n动连结爆发后一改平时运用灵巧招数进行战斗的风格，手握\n“天楼霸断剑”，横扫敌人。,1,0,1,162,0,maoyiwei
106301,0,450,2020/05/15 11:00:00,1,106301,1.97,106301,0,0,3,8,2099/12/31 23:59:59,8,0,106301,0,亚里莎,【物理】后卫，擅长长期战斗，森林的见习守护者。可凭借\n回复技能值来使用连结爆发，进行速攻。连结爆发之后，技\n能效果进一步上升，拥有极高毁灭力。,0,0,1,625,0,yalisuo
106401,0,450,2023/02/15 11:00:00,1,106401,1.84,106401,0,0,3,4,2099/12/31 23:59:59,4,0,106401,0,雪菲,【物理】中卫，用冰雪冻灭敌人的冰龙少女。消耗从连结爆\n发中获得的【冰龙之印】，以此增强技能效果，并用清廉的\n剑技斩杀敌人。,0,0,1,368,0,xuefei
106501,0,450,2021/11/16 11:00:00,17,106501,2.17,106501,0,0,3,1,2099/12/31 23:59:59,1,0,106501,0,嘉夜,【物理】前卫，横扫敌人的龙族打手。用技能提升自身的物\n理攻击力，再用全身力量放出的第一发连结爆发拥有超强的\n破坏力。,0,0,1,168,0,jiaye
106601,0,450,2022/06/14 11:00:00,17,106601,1.55,106601,0,0,3,3,2099/12/31 23:59:59,3,0,106601,0,祈梨,【物理】擅长在前卫位置释放范围攻击，能说会道的龙族少\n女。通过连结爆发吹飞范围内的所有敌人，借此打乱敌方的\n阵型并一口气将敌人烧个精光。,0,0,1,197,0,qili
106701,0,450,2023/10/31 11:00:00,17,106701,2.27,106701,0,0,3,7,2023/11/03 17:59:59,21,0,106701,0,帆稀,【魔法】后卫，用无穷的魔力支配一切的龙之头领。以龙之\n眼捕捉阻挡在前方的敌人后，使用多种辅助系技能削弱敌人\n对魔法攻击的耐性，再以雷霆一击使敌人化为灰烬。,1,0,2,727,0,fanxi
106801,0,450,2022/08/31 11:00:00,6,106801,1.55,106801,0,0,3,4,2022/09/03 17:59:59,4,0,106801,0,菈比莉斯塔,【物理】中卫，能够自由自在地创造万物的“迷宫女王”。\n通过连结爆发来释放作为七冠的权能，强化自身至极致，并\n以无与伦比的攻击能力歼灭敌人。,1,0,1,560,0,labilisita
106901,0,450,2024/11/15 11:00:00,1,106901,2.0,106901,0,0,3,45,2099/12/31 23:59:59,0,0,106901,0,霸瞳皇帝,【物理】后卫，眼中宿有天之星，谋图霸业的王者。能释放\n权能，解除敌方全体的屏障和全部属性值提升效果，凭借降\n低耐久力的技能和大范围攻击消灭敌人。,1,0,1,660,0,batonghuangdi
107001,0,450,2024/05/28 11:00:00,1,107001,2.0,107001,0,0,3,0,2024/05/31 17:59:59,0,0,107001,0,似似花,【魔法】后卫，能分出分身压制敌人的“变貌大妃”。分身\n能使用和似似花相同的技能来攻击敌人。其攻击密度和压制\n力之高，都是他人望尘莫及的。,1,0,2,660,0,sisihua
107101,0,450,2021/09/06 9:00:00,2,107101,2.0,107101,0,0,3,4,2021/09/09 17:59:59,10,0,107101,0,克莉丝提娜,【物理】前卫，以绝对的压制力为傲的“誓约女君”。攻防\n合一，并且拥有破坏力超大的连结爆发，同时还拥有提高技\n能值的技能，可以加速连结爆发的发动。,1,0,1,290,0,kelisitina
107501,0,450,2025/05/23 11:00:00,1,107501,2.125,107501,0,0,3,5,2025/05/29 10:59:59,5,0,107501,0,佩可莉姆（夏日）,【物理】作为前卫释放大范围攻击的海滨公主。吃了刨冰后\n能一口气提高物理攻击力，释放连结爆发歼灭前方的敌人。,1,0,1,235,0,peikelimu
107601,0,450,2020/08/03 11:00:00,1,107601,2.34,107601,0,0,1,6,2021/04/17 8:59:59,6,0,107601,0,可可萝（夏日）,【物理】作为中卫辅助物理型角色的治愈巫女。拥有对生命\n值最少的单个同伴进行特大回复的技能，可以瞬间治愈濒死\n的同伴。,1,0,1,535,0,kekeluo
107701,0,450,2025/06/21 11:00:00,3,107701,2.07,107701,0,0,3,7,2025/06/25 10:59:59,7,0,107701,0,铃莓（夏日）,【魔法】后卫，拥有优秀防卫能力的夏日冒失女仆。可以对\n所有同伴赋予防御力提升及生命值持续回复状态，另外还会\n召唤作为肉盾的魔像，支撑战线。,1,0,2,775,0,lingmei
107801,0,450,2025/05/23 11:00:00,1,107801,1.92,107801,0,0,3,7,2025/05/29 10:59:59,7,0,107801,0,凯露（夏日）,【魔法】作为后卫施放强大单体攻击的盛夏猫咪少女。使用\n技能降低敌人魔法防御力后，对单个敌人施展魔法攻击，给\n予对方高等伤害。,1,0,2,780,0,kailu
107901,0,450,2025/06/21 11:00:00,8,107901,2.0,107901,0,0,3,2,2025/06/25 10:59:59,2,0,107901,0,珠希（夏日）,【物理】前卫，施放连续攻击的海边的任性猫咪少女。连结\n爆发可对随机敌人施展共计4次的单体攻击。虽然对象随机，\n但威力超高。,1,0,1,225,0,zhuxi
108001,0,450,2020/08/30 11:00:00,8,108001,2.19,108001,0,0,1,6,2021/04/17 8:59:59,6,0,108001,0,美冬（夏日）,【物理】中卫，可以兼顾攻击与辅助的海之佣兵。可以借助\n连结爆发的效果提高所有同伴的物理攻击力，负责提升物理\n攻击型队伍的能力值。,1,0,1,495,0,meidong
108101,0,450,2026/02/07 11:00:00,0,108101,1.55,108101,0,0,3,3,2026/02/10 10:59:59,3,0,108101,0,忍（万圣节）,【物理】中卫，负责收割虚弱的敌人的幻夜之灵能少女。发\n动连结爆发可对虚弱的单个敌人给予高等伤害，并在击败对\n方时，给予敌方全体追加伤害。,1,0,1,440,0,ren
108201,0,450,2020/10/26 11:00:00,0,108201,2.42,108201,0,0,1,1,2021/04/17 8:59:59,1,0,108201,0,宫子（万圣节）,【物理】中卫，狙击敌阵后方的幽灵狼少女。可无视敌人前\n卫，朝敌阵后方施放干扰技能和连结爆发，对防御力较低的\n角色具有相当大的威胁。,1,0,1,590,0,gongzi
108301,0,450,2026/02/07 11:00:00,15,108301,2.07,108301,0,0,3,7,2026/02/10 10:59:59,7,0,108301,0,美咲（万圣节）,【魔法】后卫，可运用干扰技能的时髦魔法少女。使用令对\n方陷入魅惑状态的技能，以及同时赋予多个异常状态的连结\n爆发来干扰敌方。,1,0,2,815,0,meixiao
108401,0,450,2026/03/09 11:00:00,10,108401,2.27,108401,0,0,3,7,2026/03/16 10:59:59,7,0,108401,0,千歌（圣诞节）,【魔法】后卫，通过唱唤精灵进行战斗的雪花之歌姬。使用\n连结爆发召唤出的精灵们拥有回复生命值和技能值的能力，\n即使正处于劣势，也可以瞬间扭转战况。,1,0,2,770,0,qiange
108501,0,450,2020/12/20 11:00:00,15,108501,1.55,108501,0,0,1,3,2099/12/31 23:59:59,3,0,108501,0,胡桃（圣诞节）,【物理】作为前卫使用铃声保护同伴的小小女演员。技能是\n在受到攻击之前，大幅度提升周围同伴的防御力。灵活运用\n的话可以发挥出无与伦比的耐久力。,1,0,1,295,0,hutao
108601,0,450,2026/03/09 11:00:00,10,108601,1.425,108601,0,0,3,3,2026/03/16 10:59:59,3,0,108601,0,绫音（圣诞节）,【物理】前卫，横扫敌人的圣夜小熊少女。连结爆发会消耗\n生命值，但威力非常巨大。可以使用技能提升物理攻击力，\n进一步提升伤害值。,1,0,1,190,0,lingyin
108701,0,450,2025/10/16 11:00:00,7,108701,2.17,108701,0,0,3,1,2025/10/23 10:59:59,1,0,108701,0,日和莉（新年）,【物理】前卫，负责物理输出，身穿振袖和服的元气少女。\n会使用提升物理攻击角色攻击力的技能。另外，高威力的单\n体连结爆发的攻击力也是首屈一指。,1,0,1,170,0,riheli
108801,0,450,2025/10/16 11:00:00,7,108801,2.27,108801,0,0,3,7,2025/10/23 10:59:59,21,0,108801,0,优衣（新年）,【魔法】后卫，专精辅助魔法的盛装打扮的治愈师。用自身\n的攻击力换取强力的屏障与持续回复状态赋予所有同伴。拥\n有远超他人、无比强大的防御能力。,1,0,2,745,0,youyi
108901,0,450,2021/01/18 9:00:00,7,108901,2.215,108901,0,0,1,4,2099/12/31 23:59:59,22,0,108901,0,怜（新年）,【物理】前卫，保护同伴免受魔法攻击的华丽剑士。可以使\n用技能展开魔法免疫的屏障，保护范围内的同伴。另外，还\n可以发动连结爆发使敌人眩晕，打断其攻击。,1,0,1,153,0,lian
109001,0,450,2021/02/14 11:00:00,11,109001,1.9,109001,0,0,1,3,2099/12/31 23:59:59,3,0,109001,0,惠理子（情人节）,【物理】前卫，能将危机转变为机遇的爱之破坏者。技能会\n消耗生命值，提升自身的攻击力。另外，生命值越低，连结\n爆发所发挥出的威力则越高。,1,0,1,187,0,huilizi
109101,0,450,2026/04/20 18:00:00,7,109101,2.125,109101,0,0,3,5,2026/04/24 10:59:59,5,0,109101,0,静流（情人节）,【物理】中卫，给予众人援助的甜点师姐姐。可以展开领域\n同时提升多个属性值，效果期间，技能效果还会得到大幅度\n强化。,1,0,1,385,0,jingliu
109201,0,450,2021/05/15 9:00:00,6,109201,2.27,109201,0,0,3,7,2099/12/31 23:59:59,23,0,109201,0,安,【魔法】后卫，以英灵召唤术作为武器进行战斗的公主殿下。\n拥有让英灵庇护同伴的技能，同时还拥有高威力的魔法，可\n以兼顾辅助和输出。,0,0,2,630,0,an
109301,0,450,2021/05/15 9:00:00,9,109301,2.27,109301,0,0,1,7,2099/12/31 23:59:59,23,0,109301,0,露,【魔法】后卫，与小眼睛一起战斗的乐天派少女。使用技能\n召唤出的小眼睛不仅可以抵御敌人的攻击，而且其数量越多，\n越能提升连结爆发的威力。,1,0,2,640,0,lu
109401,0,450,2021/06/01 11:00:00,9,109401,2.27,109401,0,0,3,1,2099/12/31 23:59:59,1,0,109401,0,古蕾雅,【魔法】中卫，能够操纵火焰来扫荡敌人的龙人少女。擅长\n利用强大的魔法攻击力来发动范围攻击。此外，她活用飞行\n能力所使出的突进攻击，也具有相当的杀伤力。,0,0,2,525,0,guleiya
109501,0,450,2021/06/14 11:00:00,12,109501,2.066,109501,0,0,3,7,2099/12/31 23:59:59,2,0,109501,0,空花（大江户）,【魔法】前卫，穿着鼓舞我方的和服，是一名有受虐倾向的\n少女。能提升我方魔法攻击力，降低敌人魔法防御力，在魔\n法队伍中作为支援兼防御角色大展身手。,0,0,2,140,0,konghua
109601,0,450,2021/06/28 9:00:00,12,109601,2.0,109601,0,0,3,2,2099/12/31 23:59:59,2,0,109601,0,妮侬（大江户）,【物理】在最前列运用忍术与敌方作战的女忍。若在连结爆\n发时打出暴击，可对敌方造成1.5倍的伤害配合好这种特\n性，可以发挥出超群的威力。,0,0,1,175,0,ninong
109701,0,450,2026/04/30 11:00:00,9,109701,2.25,109701,0,0,3,13,2026/05/10 10:59:59,24,1,109701,0,雷姆,【物理】中卫，使用鬼族力量粉碎敌人，是双胞胎中的妹妹。\n除回复技能以外，还擅长操控温度，可冻结敌方后用连结爆\n发横扫敌人。,1,0,1,540,0,leimu
109801,0,450,2021/04/17 9:00:00,9,109801,2.5,109801,0,0,1,7,2099/12/31 23:59:59,24,1,109801,0,拉姆,【魔法】中卫，能用特殊能力辅助同伴的双胞胎姐姐。拥有\n可以看穿对手物理攻击并及时闪避的“千里眼”，以及可以\n束缚敌方全体的连结爆发，辅助效果显著。,1,0,2,545,1,lamu
109901,0,450,2026/04/30 11:00:00,9,109901,2.27,109901,0,0,3,7,2026/05/10 10:59:59,23,1,109901,0,爱蜜莉雅,【魔法】后卫，既能攻击又能回复的半精灵少女。魔力高强，\n施展攻击魔法可以扫除敌人，使用连结爆发能够瞬间治愈濒\n死的同伴。,1,0,2,725,0,aimiliya
110001,0,450,2025/05/23 11:00:00,15,110001,1.82,110001,0,0,3,8,2025/05/29 10:59:59,8,0,110001,0,铃奈（夏日）,【物理】后卫，释放高威力弓箭技能的夏日人气模特。在战\n斗中能使用仅一次的技能【夏日T台♪】回复所有技能值，\n之后的每次连结爆发都会打出暴击。,1,0,1,705,0,lingnai
110101,0,450,2021/07/12 11:00:00,15,110101,2.4,110101,0,0,1,5,2099/12/31 23:59:59,5,0,110101,0,伊绪（夏日）,【魔法】后卫，能夺取敌人的体力，夏日夜晚的老师。拥有\n的几个技能可在对敌人造成伤害的同时回复我方，无论攻守\n都能发挥出极高的价值。,1,0,2,715,0,yixu
110201,0,0,2021/07/27 9:00:00,15,0,0.0,0,0,0,1,7,2099/12/31 23:59:59,7,0,110201,0,美咲（夏日）,,0,0,0,0,0,meixiao
110301,0,450,2025/05/23 11:00:00,3,110301,2.24,110301,0,0,3,4,2025/05/29 10:59:59,4,0,110301,0,咲恋（夏日）,【物理】中卫，支援我方进行速攻的海边的咲恋妈妈。战斗\n开始时瞬间补充我方全体的技能值，此后可以迅速发动连结\n爆发。,1,0,1,585,0,xiaolian
110401,0,450,2025/12/22 11:00:00,4,110401,2.125,110401,0,0,3,5,2025/12/30 10:59:59,5,0,110401,0,真琴（夏日）,【物理】作为前卫，专门对付单一目标的海边狼少女。当仅\n剩一名攻击对象时，技能和连结爆发方能发挥真正的力量，\n以绝大的破坏力打倒敌人。,1,0,1,180,0,zhenqin
110501,0,450,2021/08/09 11:00:00,4,110501,2.42,110501,0,0,1,1,2099/12/31 23:59:59,1,0,110501,0,香织（夏日）,【物理】中卫，能一次打倒多个敌人，盛夏的南国少女。使\n用拥有击飞效果的技能横扫敌人，攻击的对象越多连结爆发\n的力量就越强，借此将敌人一扫而空。,1,0,1,425,0,xiangzhi
110601,0,450,2025/12/22 11:00:00,4,110601,2.27,110601,0,0,3,7,2025/12/30 10:59:59,7,0,110601,0,真步（夏日）,【魔法】后卫，拥有庞大魔力的盛夏公主。当拥有强大火力，\n但对象随机的技能和连结爆发的攻击对象为同一人时，能对\n敌人造成超大伤害。,1,0,2,792,0,zhenbu
110701,0,450,2021/09/09 18:00:00,4,110701,1.82,110701,0,0,3,8,2099/12/31 23:59:59,8,0,110701,0,碧（插班生）,【物理】后卫，能使用毒素，孤独的精灵插班生。当敌人处\n于毒或猛毒状态时，能用强化后的攻击技能以及可降低敌人\n物理防御力的技能来支援我方。,0,0,1,680,0,bi
110801,0,450,2021/09/21 11:00:00,2,110801,2.125,110801,0,0,3,2,2099/12/31 23:59:59,2,0,110801,0,克罗依,【物理】前卫，以攻击次数压制敌人的阴暗系精灵。每次攻\n击都会为对方增加一层【畏缩】属性，使技能所造成的伤害\n以及降低物理防御力的能力都得到提升。,0,0,1,185,0,keluoyi
110901,0,450,2022/04/10 11:00:00,2,110901,2.295,110901,0,0,3,1,2099/12/31 23:59:59,1,0,110901,0,千爱瑠,【物理】前卫，用拳头攻击的“切噜度”满点的女孩。每造\n成一次暴击，都会累积【切噜】并持续强化自身，越到后期\n战斗，越能一口气切噜地灭杀敌人。,0,0,1,222,0,qianailiu
111001,0,450,2022/03/31 11:00:00,2,111001,2.27,111001,0,0,3,7,2099/12/31 23:59:59,26,0,111001,0,优妮,【魔法】后卫，精于支援同伴的象牙塔才女。虽然自身攻击\n力低，但能强化物理攻击力高的我方角色，并用魔法无效屏\n障保护我方全体走向胜利。,0,0,2,807,0,youni
111101,0,450,2026/02/07 11:00:00,13,111101,2.07,111101,0,0,3,7,2026/02/10 10:59:59,7,0,111101,0,镜华（万圣节）,【魔法】在后卫加强我方火力，变装成黑猫的优等生。她可\n以根据自身魔法攻击力来进行强化，还能将效果累积起来，\n利用多种多样的技能来提升攻击力。,1,0,2,820,0,jinghua
111201,0,450,2021/10/04 11:00:00,13,111201,2.17,111201,0,0,1,1,2099/12/31 23:59:59,1,0,111201,0,未奏希（万圣节）,【物理】在前卫的位置释放范围攻击，穿着南瓜服装的恶作剧少女。对敌方设置倒数5下就会爆炸的炸弹，或是投掷南瓜样的手榴弹，以各种范围攻击来玩弄敌人。,1,0,1,212,0,weizouxi
111301,0,450,2021/10/19 11:00:00,13,111301,2.0,111301,0,0,3,5,2099/12/31 23:59:59,5,0,111301,0,美美（万圣节）,【物理】身为中卫，尤为擅长攻击的绷带兔兔少女。虽然行\n动频率不高，但能释放威力强大的范围攻击，此外，大幅提\n升我方全体物理攻击力的技能也效果拔群。,0,0,1,365,0,meimei
111401,0,450,2021/11/01 11:00:00,0,111401,1.87,111401,0,0,3,7,2099/12/31 23:59:59,25,0,111401,0,露娜,【魔法】后卫，用亡灵术制造朋友的可爱少女。每当露娜使\n用各种技能对敌方造成伤害，都会消耗聚集而来的朋友。根\n据消耗的朋友数量，能发挥出强大的力量。,0,0,2,765,0,luna
111501,0,450,2026/03/09 11:00:00,13,111501,2.0,111501,0,0,3,4,2026/03/16 10:59:59,10,0,111501,0,克莉丝提娜（圣诞节）,【物理】身为前卫，享受着战斗的圣夜“誓约女君”。使用\n连结爆发后，根据是否可获得硬币，可在辅助和攻击间切换，\n华丽地打倒敌人。,1,0,1,265,0,kelisitina
111601,0,450,2021/11/30 11:00:00,13,111601,2.24,111601,0,0,1,4,2099/12/31 23:59:59,4,0,111601,0,望（圣诞节）,【物理】在中卫位置守护队伍的辅助系圣诞老人偶像。能用\n技能将物理攻击无效化，位于后方的同伴越多，其连结爆发\n的物理防御力就越高，以此来提高生存力。,1,0,1,418,0,wang
111701,0,450,2021/12/20 11:00:00,13,111701,1.3,111701,0,0,3,3,2099/12/31 23:59:59,3,0,111701,0,伊莉亚（圣诞节）,【魔法】前卫，以鲜血为代价攻击敌人的圣夜吸血鬼。其技\n能威力跟剩余生命值成反比，可以和消耗生命值的技能进行\n组合，发挥出超强的破坏力。,0,0,2,255,0,yiliya
111801,0,450,2025/09/08 11:00:00,13,111801,1.965,111801,0,0,3,4,2025/09/13 10:59:59,22,0,111801,0,佩可莉姆（新年）,【物理】前卫，精神充沛地祝贺新年的贪吃公主。使用提高\n物理攻击力的技能来强化我方，并用生命值越高伤害越高的\n连结爆发击倒敌人。,1,0,1,248,0,peikelimu
111901,0,450,2025/10/16 11:00:00,1,111901,1.87,111901,0,0,3,7,2025/10/23 10:59:59,23,0,111901,0,可可萝（新年）,【物理】前卫，善于辅助同伴的清新的巫女。其技能可提升\n造成暴击时的伤害，以此来提高队友的灭敌能力，并使用挑\n衅敌人和连续回复的技能来支援我方生存能力。,1,0,1,159,0,kekeluo
112001,0,450,2025/10/16 11:00:00,3,112001,2.07,112001,0,0,3,7,2025/10/23 10:59:59,21,0,112001,0,凯露（新年）,【魔法】后卫，在攻防两边都十分活跃的华服猫娘。其连结\n爆发能根据造成的伤害提高魔法攻击力，让本就强大的攻击\n力更上一层楼。,1,0,2,690,0,kailu
112101,0,450,2021/12/31 11:00:00,1,112101,2.27,112101,0,0,1,7,2099/12/31 23:59:59,21,0,112101,0,铃莓（新年）,【魔法】在后卫位置支援同伴的冒失巫女。可利用技能展开\n使魔法攻击无效化的屏障，支援防御面，再使用连结爆发回\n复生命值和提高行动速度，掌控战局。,1,0,2,722,0,lingmei
112201,0,450,2022/02/14 11:00:00,9,112201,2.27,112201,0,0,3,7,2099/12/31 23:59:59,7,0,112201,0,香澄（魔法少女）,【魔法】后卫，精于干扰敌人的魔法侦探。能使用技能大幅\n减少对方的技能值或束缚远处的敌人，大大扰乱对方的联合\n作战。,0,0,2,730,0,xiangcheng
112301,0,450,2022/01/28 9:00:00,5,112301,1.97,112301,0,0,1,8,2099/12/31 23:59:59,8,0,112301,0,栞（魔法少女）,【物理】在后位为我方提高火力的魔法猎人。能用连结爆发\n大大提高我方全体的物理攻击力，其技能可提高范围内的物\n理攻击力，释放出强力一击。,1,0,1,712,0,kan
112401,0,450,2023/03/08 11:00:00,18,112401,2.24,112401,0,0,3,4,2023/03/24 10:59:59,4,1,112401,0,卯月（偶像大师）,【物理】中卫，激励同伴并战斗的可爱少女。通过提升技能\n值和攻击力的技能来支援我方，并用强力的范围攻击一扫敌\n人。,1,0,1,370,0,maoyue
112501,0,450,2023/03/08 11:00:00,18,112501,2.215,112501,0,0,3,4,2023/03/24 10:59:59,4,1,112501,0,凛（偶像大师）,【物理】前卫，造冰保护同伴的冷酷少女。通过能束缚眼前\n敌人的技能和挑衅来阻碍敌人的行动，并对自己展开屏障，\n发挥铁壁般的防御能力。,1,0,1,153,0,linouxiangdashi
112601,0,450,2022/02/28 9:00:00,18,112601,2.27,112601,0,0,1,7,2099/12/31 23:59:59,7,1,112601,0,未央（偶像大师）,【魔法】后卫，攻防两方面都十分活跃的热情少女。以受伤\n的我方角色为中心展开回复魔法进行辅助，并发动魔法攻击，\n将敌人一网打尽。,1,0,2,695,1,weiyang
112701,0,450,2022/04/30 11:00:00,3,112701,2.19,112701,0,0,3,6,2099/12/31 23:59:59,6,0,112701,0,铃（游骑兵）,【物理】中卫，贯穿敌人防卫的橡果游骑兵。在战斗开始的\n同时，大幅度降低范围内敌人的物理防御力，并在战斗前期\n对敌方造成大量伤害，从而制造有利的战况。,0,0,1,422,0,ling
112801,0,450,2022/5/15 11:00:00,5,112801,2.19,112801,0,0,3,6,2099/12/31 23:59:59,6,0,112801,0,真阳（游骑兵）,【物理】中卫，擅长对付大量敌人的牧场战士。常用击飞对\n方的技能来扰乱敌方的阵形。运用范围攻击和混乱技能一口\n气歼灭敌人。,0,0,1,390,0,zhenyang
112901,0,450,2022/5/31 11:00:00,6,112901,1.97,112901,0,0,3,8,2099/12/31 23:59:59,8,0,112901,0,璃乃（仙境）,【物理】后卫，使用希望的力量来战斗，不可思议之国的救\n世主。凭借只要暴击就会提升效果的技能，和我方角色数量\n越多、威力就越高的连结爆发来歼灭敌人。,0,0,1,730,0,linai
113001,0,450,2022/5/31 11:00:00,12,113001,2.34,113001,0,0,1,6,2099/12/31 23:59:59,6,0,113001,0,步美（仙境）,【物理】中卫，能够自由操纵战场动向的白兔少女。凭借减\n缓敌人行动速度并提升我方角色速度的技能，和停止敌人时\n间的技能时常支援我方。,1,0,1,508,0,bumei
113101,0,450,2025/12/22 11:00:00,6,113101,1.3,113101,0,0,3,27,2025/12/30 10:59:59,27,0,113101,0,流夏（夏日）,【物理】前卫，挥舞优雅太刀的初夏大姐头。凭借造成伤害\n的次数越多，攻击力越高的技能和携带的双刀发动的数刃斩\n击来横扫眼前的敌人。,1,0,1,192,0,liuxia
113201,0,450,2022/6/30 11:00:00,12,113201,1.625,113201,0,0,1,5,2099/12/31 23:59:59,28,0,113201,0,杏奈（夏日）,【魔法】前卫，借助大家的力量而发力的盛夏冥姬。以我方\n全体的魔法攻击力为代价，极大地提升自身的魔法攻击力，\n并使出炽烈的攻击魔法对敌人造成大量伤害。,1,0,2,256,0,xingnai
113301,0,450,2022/7/13 11:00:00,12,113301,2.07,113301,0,0,3,7,2099/12/31 23:59:59,7,0,113301,0,七七香（夏日）,【魔法】中卫，擅长对付大量敌人的盛夏魔法少女。凭借敌\n人数量越多，防御力降低效果越好的技能和多样化的范围攻\n击，以最可爱的姿态称霸盛夏的战斗。,0,0,2,468,0,qiqixiang
113401,0,450,2025/12/22 11:00:00,12,113401,1.92,113401,0,0,3,7,2025/12/30 10:59:59,29,0,113401,0,初音（夏日）,【魔法】中卫，释放全体魔法攻击的超能力啦啦队女孩。使\n用连结爆发向敌方全体释放强力的一击，之后，会因为超能\n力发动的反作用而抱着枕头进入梦乡。,1,0,2,567,0,chuyin
113501,0,450,2022/7/31 11:00:00,12,113501,2.07,113501,0,0,1,7,2099/12/31 23:59:59,7,0,113501,0,美里（夏日）,【魔法】后卫，从敌人的威胁中保护学生的夏日女神老师。\n凭借提升我方魔法防御力并持续回复生命值的技能和展开屏\n障的连结爆发坚固地守护我方角色。,1,0,2,697,0,meili
113601,0,450,2022/8/15 11:00:00,12,113601,2.0,113601,0,0,3,5,2099/12/31 23:59:59,5,0,113601,0,纯（夏日）,【物理】前卫，跟随业火讨伐邪恶的盛夏骑士团团长。凭借\n对敌方单体造成伤害并提高攻击力的连结爆发和造成烧伤的\n技能将敌人烧灭殆尽。,0,0,1,182,0,chun
113701,0,450,2022/09/03 18:00:00,12,113701,1.92,113701,0,0,3,7,2099/12/31 23:59:59,7,0,113701,0,茜里（天使）,【魔法】中卫，使用魔法攻击敌人的双胞胎妹妹天使。使用\n持续时间短但效果出众的强化魔法来大幅度提升自身的攻击\n力，并用威力强大的单体魔法横扫敌人。,0,0,2,530,0,qianli
113801,0,450,2022/9/19 11:00:00,12,113801,2.34,113801,0,0,3,6,2099/12/31 23:59:59,6,0,113801,0,依里（天使）,【魔法】中卫，使用魔法辅助同伴的双胞胎姐姐天使。在大\n幅度提升防御力的同时，通过让特定的我方角色吸引敌人的\n注意力等特殊的强力技能来愚弄敌人。,0,0,2,531,0,yili
113901,0,450,2026/02/07 11:00:00,12,113901,2.375,113901,0,0,3,2,2026/02/10 10:59:59,2,0,113901,0,纺希（万圣节）,【物理】前卫，妨碍敌人物理攻击的吸血鬼裁缝。通过挑衅、\n展开物理攻击无效化屏障，加上针对物理攻击力最高的敌人\n施展妨碍技能，编织出铁壁般的防御。,1,0,1,152,0,fangxi
114001,0,450,2022/10/14 11:00:00,12,114001,1.965,114001,0,0,3,4,2099/12/31 23:59:59,4,0,114001,0,怜（万圣节）,【物理】中卫，将负伤的敌人引渡黄泉的幽雅剑士。对生命\n值不足50%的敌人释放大幅度提升威力的范围攻击，一口\n气挫败受伤的敌人的斗志。,0,0,1,375,0,lian
114101,0,450,2022/9/30 11:00:00,12,114101,2.295,114101,0,0,1,1,2099/12/31 23:59:59,1,0,114101,0,茉莉（万圣节）,【物理】前卫，以锐爪进行突刺的万圣节见习骑士。凭借连\n结爆发使用次数越多，效果越强的技能来提高造成的伤害量\n和行动速度，从而撕裂敌人。,1,0,1,186,0,moli
114201,0,450,2022/10/31 11:00:00,12,114201,2.24,114201,0,0,3,4,2099/12/31 23:59:59,4,0,114201,0,莫妮卡（魔法少女）,【物理】中卫，怀抱着爱与希望的力量来执掌指挥的魔法提\n督。通过连结爆发削弱敌方单体的物理防御力，并使用范围\n内提高我方物理攻击力的技能，一口气左右战局。,0,0,1,528,0,monika
114301,0,450,2022/11/21 11:00:00,2,114301,2.0,114301,0,0,3,4,2099/12/31 23:59:59,4,0,114301,0,智（魔法少女）,【物理】中卫，将正义的力量寄于魔法的魔法剑士。凭借由\n自身的物理攻击力与魔法攻击力组成的魔法少女之力和刻苦\n磨炼的剑术，释放出华丽的魔法攻击。,0,0,1,402,0,zhi
114401,0,450,2026/03/09 11:00:00,2,114401,2.0,114401,0,0,3,5,2026/03/16 10:59:59,5,0,114401,0,秋乃（圣诞节）,【物理】前卫，化同伴的支援为力量而战的圣夜大小姐。受\n到属性值提升效果时，会增加【圣夜的光辉】，从而大幅度\n强化技能，并释放出妆点圣夜的绚烂一击。,1,0,1,189,0,qiunai
114501,0,450,2022/12/21 11:00:00,3,114501,2.09,114501,0,0,3,4,2099/12/31 23:59:59,4,0,114501,0,咲恋（圣诞节）,【物理】前卫，操纵光明守护同伴的圣夜咲恋妈妈。不仅拥\n有抵御敌人攻击并造成伤害的连结爆发，还拥有造成伤害的\n同时回复体力的技能，攻守双方均可胜任。,0,0,1,150,0,xiaolian
114601,0,450,2022/11/30 11:00:00,2,114601,2.09,114601,0,0,1,5,2022/12/10 10:59:59,5,0,114601,0,由加莉（圣诞节）,【物理】中卫，支援物理型角色的圣夜原圣骑士。凭借降低\n魔法攻击力高的敌方单体技能值和提升附近我方角色的魔法\n防御力的技能，在对抗魔法战中绽放异彩。,1,0,1,408,0,youjiali
114701,0,450,2022/12/31 11:00:00,2,114701,2.0,114701,0,0,1,2,2099/12/31 23:59:59,31,0,114701,0,矛依未（新年）,【物理】前卫，挥舞新风缠绕的“天楼霸断剑”的少女。比\n其他人慢一步突击，将敌方前卫击飞后，以强化后的范围物\n理攻击一举扫荡聚集的敌人。,1,0,1,138,0,maoyiwei
115001,0,450,2025/09/08 11:00:00,2,115001,2.07,115001,0,0,3,7,2025/09/13 10:59:59,21,0,115001,0,似似花（新年）,【魔法】中卫，身着华丽盛装的“变貌大妃”。凭借提升我\n方的魔法攻击力与回复生命值·技能值的技能进行攻守兼备\n的支援，在艰巨的战况中也能带领同伴走向胜利。,1,0,2,562,0,sisihua
115501,0,450,2026/04/20 18:00:00,1,115501,2.0,115501,0,0,3,2,2026/04/24 10:59:59,2,0,115501,0,可可萝（礼服）,【物理】中卫，身着尊贵礼衣的精灵之乡巫女。强化自身的\n攻击力，并通过回复技能值增加攻击次数。以暴击时的猛攻，\n化作守护同伴的剑。,1,0,1,533,0,kekeluo
115601,0,450,2023/01/31 11:00:00,7,115601,1.97,115601,0,0,1,7,2099/12/31 23:59:59,7,0,115601,0,优衣（礼服）,【魔法】中卫，操纵精灵术支援我方的仪装魔法士。使用多\n个强化物理攻击力的技能来支援我方的攻击，并以强大的回\n复技能，调整前线掌控战局。,1,0,2,578,0,youyi
115701,0,450,2023/02/23 11:00:00,9,115701,2.27,115701,0,0,3,7,2099/12/31 23:59:59,7,0,115701,0,香澄（夏日）,【魔法】后卫，削弱敌人防御力的海岸名侦探。锁定攻击力\n高的敌人降低其防御力，并以强化我方的技能，帮助解决任\n何棘手的事件。,0,0,2,738,0,xiangcheng
115801,0,450,2023/02/28 11:00:00,5,115801,2.27,115801,0,0,1,4,2099/12/31 23:59:59,4,0,115801,0,莉玛（灰姑娘）,【物理】前卫，吃下魔法果实变身成为公主的恋爱少女。使\n用连结爆发在一定时间内从动物变身成人类，并藉由技能来\n提升我方全体的攻击力，一口气提升火力。,1,116101,1,173,0,lima
115901,0,450,2023/03/03 18:00:00,4,115901,2.27,115901,0,0,3,5,2099/12/31 23:59:59,5,0,115901,0,真琴（灰姑娘）,【物理】前卫，身穿华服跳着流丽剑舞的狼女。技能的威力\n与物理攻击力提升的技能效果会随着周围的我方角色的数量\n而提升，并挥出鼓舞激励的一斩。,0,0,1,166,0,zhenqin
116001,0,450,2023/3/22 11:00:00,9,116001,2.27,116001,0,0,3,7,2099/12/31 23:59:59,7,0,116001,0,真步（灰姑娘）,【魔法】后卫，优雅地支援同伴的真步老师。凭借技能提升\n使用物理攻击的我方角色的攻击力和回复距离最远的我方角\n色的技能值，悠然典雅地改变战况。,0,0,2,645,0,zhenbu
116201,0,450,2023/4/18 18:00,2,116201,2.125,116201,0,0,3,2,2099/12/31 23:59:59,2,0,116201,0,克罗依（圣学祭）,【物理】前卫，如疾风般驰骋的阴暗系女孩。以每造成49\n次伤害就能完全回复自身技能值的技能和每次发动都会提升\n攻击力的技能来抓住胜利的终点线。,0,0,1,184,0,keluoyi
116301,0,450,2023/3/31 11:00:00,2,116301,2.295,116301,0,0,3,1,2099/12/31 23:59:59,32,0,116301,0,千爱瑠（圣学祭）,【物理】前卫，炒热圣学祭气氛的快乐切噜系女孩。凭借每\n当攻击命中都会累积【切噜】并提升威力的技能与提升我方\n全体的物理攻击力的连结爆发来带领我方取得胜利。,0,0,1,223,0,qianailiu
116401,0,450,2024/2/08 11:00:00,2,116401,2.27,116401,0,0,3,7,2099/12/31 23:59:59,39,0,116401,0,优妮（圣学祭）,【魔法】后卫，优妮与小伙伴们中的才女，为同伴带来启蒙。\n凭借提升除自己以外的我方全员的物理・魔法攻击力与暴击\n时的伤害来带领大家走向胜利。,0,0,2,808,0,youni
116501,0,450,2023/4/28 11:00:00,17,116501,2.295,116501,0,0,3,3,2099/12/31 23:59:59,3,0,116501,0,祈梨（时间旅行）,【物理】前卫，气势汹汹地说个不停的嘴炮系龙。提高全体\n物理攻击力的连结爆发虽然会降低我方的防御力，但是相对\n的，生命值越多效果也会越高，能够带领我方取得胜利。,0,0,1,252,0,qili
116601,0,450,2023/5/21 11:00:00,17,116601,2.295,116601,0,0,3,1,2099/12/31 23:59:59,1,0,116601,0,嘉夜（时间旅行）,【物理】前卫，带领同伴走向胜利的龙族打手。凭借连结爆\n发极大提升自身的攻击速度，伴随着提升物理攻击力的技能\n降下一场拳头之雨。,0,0,1,169,0,jiaye
116701,0,450,2023/5/31 11:00:00,9,116701,1.82,116701,0,0,3,33,2099/12/31 23:59:59,33,0,116701,0,碧（工作服）,【物理】中卫，对敌人进行妨碍、身穿工作服的孤独精灵族。\n与结下了深厚友谊的“我的朋友”一起释放出连结爆发，能\n够阻止敌人的行动，并急剧降低其物理防御力。,0,0,1,527,0,bi
116801,0,450,2023/5/31 11:00:00,8,116801,2.295,116801,0,0,1,2,2099/12/31 23:59:59,2,0,116801,0,珠希（工作服）,【物理】前卫，单手拿着烤鲷鱼机，惩奸除恶的猫咪少女店\n员。提升我方全体的物理攻击力并回复技能值，凭借连结爆\n发进一步特大强化自身的攻击力，发挥出惊人的威力。,1,0,1,216,0,zhuxi
116901,0,450,2023/6/16 11:00:00,8,116901,2.065,116901,0,0,3,6,2099/12/31 23:59:59,6,0,116901,0,美冬（工作服）,【物理】前卫，作为大家的盾牌进攻的打工领队。战斗开始\n时，用技能强化物理攻防。每次发动连结爆发都会提升自身\n的暴击，展开猛烈的攻击。,0,0,1,275,0,meidong
117001,0,450,2025/06/25 11:00:00,11,117001,1.55,117001,0,0,3,3,2025/06/30 10:59:59,3,0,117001,0,惠理子（夏日）,【物理】中卫，浑身萦绕着烟花，为黄昏添彩的盛夏破坏狂。\n使用两种技能降低物理防御力，凭借根据伤害量延长暴击提\n升时长的连结爆发粉碎眼前的敌人。,1,0,1,407,0,huilizi
117101,0,450,2023/7/15 11:00:00,6,117101,2.0,117101,0,0,3,5,2099/12/31 23:59:59,5,0,117101,0,静流（夏日）,【物理】前卫，坚定地守护同伴的海边大姐姐。灵巧地使用\n物理防御力越高效果越高的多种技能，担当防御和辅助的角\n色，同时也能凭借范围攻击进行攻击。,0,0,1,163,0,jingliu
117201,0,450,2025/06/25 11:00:00,10,117201,2.09,117201,0,0,3,4,2025/06/30 10:59:59,4,0,117201,0,望（夏日）,【物理】中卫，为大家加油打气的盛夏顶级偶像。凭借所有\n技能为我方全体的物理攻击提供支援，战斗中途开始回复我\n方全体的技能值，带领大家走向胜利。,1,0,1,417,0,wang
117301,0,450,2023/8/15 11:00:00,10,117301,2.07,117301,0,0,3,7,2099/12/31 23:59:59,7,0,117301,0,千歌（夏日）,【魔法】中卫，献上守护赞歌的夏海歌姬。战斗刚开始时大\n幅强化我方的魔法防御，无论面临何等猛攻都能使用吸收屏\n障和生命值回复技能保护同伴。,0,0,2,520,0,qiange
117401,0,450,2023/7/31 11:00:00,10,117401,2.42,117401,0,0,1,1,2099/12/31 23:59:59,1,0,117401,0,纺希（夏日）,【物理】中卫，吸引敌人并破坏阵型，黄昏时静谧海边的裁\n缝。将攻击力最高的敌人从敌方拉至我方阵营，并用束缚和\n降低行动速度的技能夺走敌人自由。,1,0,1,355,0,fangxi
117501,0,450,2023/9/3 18:00:00,11,117501,2.4,117501,0,0,3,5,2099/12/31 23:59:59,5,0,117501,0,深月（大江户）,【物理】中卫，将一切战况都看在眼中的独眼黑市医生。束\n缚生命值较低的敌人，一边使用降低防御力的技能，一边凭\n借毒咒造成的逐秒增加的持续伤害缓慢地腐蚀敌人生命。,0,0,1,552,0,shenyue
117601,0,450,2023/9/08 11:00:00,12,117601,2.0,117601,0,0,3,7,2099/12/31 23:59:59,7,0,117601,0,雪（大江户）,【魔法】后卫，身着拯救迷茫之人的白衣，美丽的象征。回\n复我方技能值最低的一名角色，用生命值回复技能守护同伴，\n并以提升魔法攻击力的技能一口气攻陷敌人。,0,0,2,798,0,xue
117701,0,450,2026/02/07 11:00:00,4,117701,2.17,117701,0,0,3,1,2026/02/10 10:59:59,1,0,117701,0,香织（万圣节）,【物理】前卫，幽静的南国女孩。越是将敌人逼入绝境，力\n量就愈发强大。使用敌人体力越低效果越高的攻击力提升技\n能与伤害量提升的攻击技能击倒敌人，不会留下漏网之鱼。,1,0,1,156,0,xiangzhi
117801,0,450,2023/9/30 11:00:00,12,117801,2.25,117801,0,0,1,36,2099/12/31 23:59:59,36,0,117801,0,妮侬（万圣节）,【物理】中卫，为物理攻击类型的我方同伴提供强化的忍者。\n凭借提升我方物理攻击力和行动速度的技能效果提高我方全\n体的攻击力，吹响胜利的号角。,1,0,1,518,0,ninong
117901,0,450,2023/10/15 11:00:00,15,117901,1.97,117901,0,0,3,8,2099/12/31 23:59:59,8,0,117901,0,铃奈（万圣节）,【物理】后卫，以攻击者为目标的小恶魔人气模特。释放在\n魅惑状态下会提升威力的攻击技能和夺取技能值的妨碍技能，\n以物理攻击力最高的敌人为目标进行射击。,0,0,1,761,0,lingnai
118001,0,450,2026/01/29 09:00:00,0,118001,1.97,118001,0,0,3,35,2026/02/04 10:59:59,35,0,118001,0,克蕾琪塔,【物理】后卫，拥有攻击与弱化敌人的能力，闪闪发光的女\n商人。投掷装满了赚来的金币的钱包发起突袭，凭借卷起金\n币风暴的攻击极大破坏对手的防御。,1,0,1,751,0,keleiqita
118101,0,450,2024/03/02 11:00:00,19,118101,2.07,118101,0,0,3,7,2024/03/05 17:59:59,21,0,118101,0,兰法,【魔法】后卫，通过谱写动听旋律提供支援的幽静歌姬。在\n强化我方和弱化敌人两方面进行辅助，此外还会凭借与召唤\n而来的矿石飞龙发出的波状攻击镇压敌人。,1,0,2,782,0,lanfa
118201,0,450,2025/02/26 11:00:00,19,118201,1.7,118201,0,0,3,0,2025/03/01 17:59:59,0,0,118201,0,美空,【魔法】后卫，面带笑容地进行破坏活动的活泼少女★最多\n能击中3个敌人的技能和连结爆发技在【超能力★充能】状\n态下追加魔防下降效果，歼灭捣乱的敌人。,1,0,2,730,0,meikong
118301,0,0,2015/4/1 15:00,0,0,0.0,0,180701,0,3,0,2099/12/31 23:59:59,0,0,118301,0,初音（初音＆栞）,,1,0,0,732,1,chuyin
118401,0,0,2015/4/1 15:00,0,0,0.0,0,180701,0,3,0,2099/12/31 23:59:59,0,0,118401,0,栞（初音＆栞）,,1,0,0,732,1,kan
118501,0,450,2023/10/13 11:00:00,0,118501,2.0,118501,0,0,1,37,2099/12/31 23:59:59,37,0,118501,0,花凛,【魔法】后卫，为大家提供支援，公会管理协会的职员。不\n使用普通攻击，而是释放提高我方能力的魔法，提供完美的\n支援，能够保护我方或是对敌人进行妨碍。,1,0,2,787,0,hualin
118601,0,450,2025/12/30 11:00:00,0,118601,2.0,118601,0,0,3,0,2099/12/31 23:59:59,0,0,118601,0,涅比亚,【魔法】飞出后卫尽情施展恶作剧的幻惑妖精。毫无规律地\n在敌阵来回盘旋，让敌人的攻击无效化，并用连结爆发随机\n造成4种干扰效果，使其陷入大混乱。,1,0,2,826,0,niebiya
119001,0,450,2023/11/03 18:00:00,15,119001,2.27,119001,0,0,3,7,2099/12/31 23:59:59,7,0,119001,0,伊绪（黑暗）,【魔法】后卫，对魔法攻击者进行妨碍的黑暗老师。凭借魅\n惑和技能值降低对魔法攻击力最高的敌人进行妨碍，还能使\n用技能值回复技能为我方提供支援，由此掌控战局。,0,0,2,714,0,yixu
119101,0,450,2023/11/16 11:00:00,12,119101,2.545,119101,0,0,3,7,2099/12/31 23:59:59,26,0,119101,0,空花（黑暗）,【魔法】前卫，凭借无效屏障承受猛击的黑暗受虐狂少女。\n提升我方魔法攻击力最高同伴的魔法攻击力与暴击，并使用\n降低魔法防御力的技能来震慑敌人。,0,0,2,143,0,konghua
119201,0,450,2023/11/30 11:00:00,5,119201,2.19,119201,0,0,1,6,2099/12/31 23:59:59,6,0,119201,0,真阳（圣诞节）,【物理】中卫，支援并守护同伴的圣夜牧场主。击退有效范\n围内的敌人，破坏对方的阵型，展开全体物理屏障并回复单\n体生命值，引导激战走向胜利。,1,0,1,397,1,zhenyang
119301,0,450,2023/12/20 11:00:00,6,119301,1.97,119301,0,0,3,8,2099/12/31 23:59:59,8,0,119301,0,璃乃（圣诞节）,【物理】后卫，负责攻击与支援的圣夜弓箭手。凭借提升物\n理攻击力和物理暴击的技能来强化四周，使用暴击时增强威\n力的连结爆发粉碎敌人。,0,0,1,762,0,linai
119401,0,0,2022/1/31 12:00,0,0,0.0,0,0,0,1,5,2030/12/31 15:00,0,0,119401,0,佩可莉姆,,0,0,0,0,0,peikelimu
119501,0,0,2022/1/31 12:00,0,0,0.0,0,0,0,1,6,2030/12/31 15:00,6,0,119501,0,可可萝,,0,0,0,0,0,kekeluo
119601,0,0,2022/1/31 12:00,0,0,0.0,0,0,0,1,7,2030/12/31 15:00,7,0,119601,0,凯露,,0,0,0,0,0,kailu
119701,0,0,2022/1/31 12:00,0,0,0.0,0,0,0,3,4,2030/12/31 15:00,4,0,119701,0,雪菲,,0,0,0,0,0,xuefei
119901,0,450,2026/03/09 11:00:00,14,119901,2.17,119901,0,0,3,1,2026/03/16 10:59:59,1,0,119901,0,宫子（圣诞节）,【物理】中卫，用布丁强化我方同伴的幽灵圣少女。使用提\n升物理攻击力和物理暴击的布丁力量领域，同样也强化自己\n的技能并发出猛攻。,1,0,1,302,0,gongzi
120001,0,450,2026/05/15 11:00:00,6,120001,2.375,120001,0,0,3,5,2026/05/20 10:59:59,5,0,120001,0,静流（黑暗）,【物理】前卫，在猛攻中守护同伴的黑暗姐姐。战斗开始时\n以无法行动状态无效化的技能保护周围的我方角色，并且以\n大范围束缚技能牵制敌人，从而改变战况。,1,0,1,190,0,jingliu
120101,0,0,2015/4/1 15:00,0,0,0.0,0,0,0,3,7,2099/12/31 23:59:59,7,0,120101,0,伊绪（黑暗）,,0,0,0,0,0,yixu
120201,0,0,2015/4/1 15:00,0,0,0.0,0,0,0,3,7,2099/12/31 23:59:59,26,0,120201,0,空花（黑暗）,,0,0,0,0,0,konghua
120301,0,0,2015/4/1 15:00,0,0,0.0,0,0,0,3,5,2099/12/31 23:59:59,7,0,120301,0,静流（黑暗）,,0,0,0,0,0,jingliu
120401,0,0,2015/4/1 15:00,0,0,0.0,0,180801,0,3,0,2030/12/31 15:00,0,0,120401,0,美美（小小甜心）,,1,0,0,465,1,meimei
120501,0,0,2015/4/1 15:00,0,0,0.0,0,180801,0,3,0,2030/12/31 15:00,0,0,120501,0,未奏希（小小甜心）,,1,0,0,465,1,weizouxi
120601,0,0,2015/4/1 15:00,0,0,0.0,0,180801,0,3,0,2030/12/31 15:00,0,0,120601,0,镜华（小小甜心）,,1,0,0,465,1,jinghua
120701,0,450,2025/09/08 11:00:00,1,120701,1.84,120701,0,0,3,4,2025/09/13 10:59:59,22,0,120701,0,雪菲（新年）,【物理】前卫，经过飘雪初晴天空的新春冰龙少女。凭借在\n连结爆发时显现的冰龙之牙提升为我方强化的技能效果，伴\n随着自己的范围攻击技能展开猛攻并冰冻敌阵。,1,0,1,283,0,xuefei
120801,0,450,2023/12/29 11:00:00,2,120801,1.3,120801,0,0,1,4,2099/12/31 23:59:59,22,0,120801,0,流夏（新年）,【物理】前卫，献上雪月花之舞的新春大姐头。凭借每次攻\n击命中时都会增加的“剑之刻印”提升连结爆发与技能的威\n力，使用令人目不暇接的斩击打倒敌人。,1,0,1,193,0,liuxia
120901,0,450,2025/09/08 11:00:00,12,120901,1.425,120901,0,0,3,3,2025/09/13 10:59:59,38,0,120901,0,伊莉亚（新年）,【魔法】中卫，以鲜血为代价展示力量的新春吸血鬼。消耗\n自身的生命值释放出强力技能，同时自由地操纵吸收敌人技\n能值的技能歼灭眼前的敌人。,1,0,2,424,0,yiliya
121001,0,450,2026/04/20 18:00:00,1,121001,2.25,121001,0,0,3,5,2026/04/24 10:59:59,41,0,121001,0,佩可莉姆（超负荷）,【物理】前卫，将与同伴的情谊转换为力量战斗的贪吃公主。\n根据敌人生命值，选择永久提升物理攻击力或短时间特大提\n升攻击力＆回复自身技能值，瞬间扭转战况。,1,0,1,164,0,peikelimu
121101,0,450,2026/04/20 18:00:00,1,121101,2.07,121101,0,0,3,7,2026/04/24 10:59:59,42,0,121101,0,凯露（超负荷）,【魔法】中卫，将与同伴的情谊转换为力量战斗的傲娇猫娘。\n用妨碍技能和连结爆发让敌方全体恐慌，并降低已恐慌敌人\n的技能值，掌控整个战场。,1,0,2,588,0,kailu
121201,0,450,2024/1/31 11:00:00,6,121201,1.55,121201,0,0,1,4,2099/12/31 23:59:59,40,0,121201,0,菈比莉斯塔（超负荷）,【物理】前卫，看清世间一切真理的“迷宫女王”。对我方\n攻击进行强化，凭借赋予全体持续回复生命值的技能调整战\n线，自身也会使用压倒性的力量歼灭敌人。,1,0,1,260,1,labilisita
121301,0,450,2024/03/03 11:00:00,3,121301,1.9,121301,0,0,3,3,2099/12/31 23:59:59,3,0,121301,0,胡桃（舞台）,【物理】后卫，为了大家下定决心努力的小小女演员。剩余\n生命值越多，物理攻击力提升越高，使用物理攻击无效屏障\n技能并持续回复生命值和技能值，为我方提供支援。,0,0,1,731,0,hutao
121401,0,450,2024/03/15 11:00:00,15,121401,2.27,121401,0,0,3,7,2099/12/31 23:59:59,7,0,121401,0,美咲（舞台）,【魔法】后卫，强化后方同伴的魔法少女看板娘。使用屏障\n和技能值持续回复为我方后卫提供支援，凭借根据自身魔法\n攻击力强化同伴的攻击力提升技能鼓舞士气。,0,0,2,742,0,meixiao
121501,0,450,2026/06/12 11:00:00,12,121501,2.0,121501,0,0,3,6,2026/06/16 10:59:59,6,0,121501,0,步美（怪盗）,【物理】中卫，潜伏于黑夜之中，神出鬼没的怪盗少女。使\n用从敌人面前消失的隐秘技能和降低远处敌人技能值的技能，\n从敌阵后方瓦解对手。,1,0,1,590,0,bumei
121601,0,450,2024/04/15 9:00:00,17,121601,1.425,121601,0,0,3,3,2099/12/31 23:59:59,3,0,121601,0,祈梨（怪盗）,【物理】前卫，隐匿于黑暗中释放出会心一击的怪盗龙族。\n发动隐秘效果时，使用极大提升伤害且必然暴击的连结爆发\n和技能，用稳定的伤害击倒敌人。,0,0,1,292,0,qili
121701,0,0,2015/4/1 15:00,0,0,0.0,0,180901,0,3,0,2099/12/31 23:59:59,0,0,121701,0,秋乃（秋乃＆咲恋）,,1,0,0,421,1,qiunai
121801,0,0,2015/4/1 15:00,0,0,0.0,0,180901,0,3,0,2099/12/31 23:59:59,0,0,121801,0,咲恋（秋乃＆咲恋）,,1,0,0,421,1,xiaolian
121901,0,450,2024/05/15 11:00:00,12,121901,2.125,121901,0,0,3,5,2099/12/31 23:59:59,5,0,121901,0,杏奈（海盗）,【魔法】前卫，鼓舞自己并释放强大魔力的沧海冥姬。使用\n每次发动时提升攻击力和暴击伤害的连结爆发，同时牺牲自\n己释放出强力的范围攻击来歼灭敌人。,0,0,2,293,0,xingnai
122001,0,450,2024/05/03 11:00:00,14,122001,1.425,122001,0,0,3,3,2099/12/31 23:59:59,3,0,122001,0,忍（海盗）,【物理】中卫，解放彷徨的灵魂，海星灵能少女。攻击时会\n赋予敌人“灵锚刻印”，使用提升伤害量的技能和降低防御\n力的连结爆发引导敌人走向寂灭。,0,0,1,380,0,ren
122101,0,450,2024/05/31 11:00:00,9,122101,1.97,122101,0,0,1,35,2099/12/31 23:59:59,35,0,122101,0,碧（露营）,【物理】后卫，放出千万箭矢的孤独山里蹲精灵。凭借物理\n魔法无效屏障抵挡攻击，向敌方全体发出射击并对进入范围\n内的敌人发射强力弓箭雨进行追击，将敌人一扫而光。,1,0,1,731,1,bi
122201,0,450,2024/05/31 11:00:00,8,122201,1.84,122201,0,0,3,4,2099/12/31 23:59:59,4,0,122201,0,由加莉（露营）,【物理】中卫，与大自然共享美好一杯的原圣骑士。“幸福\n一刻”的数量越多，对我方的物理攻击力和暴击伤害的强化\n效果越高，从而赢得胜利。,0,0,1,419,0,youjiali
122301,0,450,2024/06/14 11:00:00,0,122301,1.425,122301,0,0,3,43,2099/12/31 23:59:59,43,0,122301,0,斑比,【魔法】中卫，与幼龙同行的最强吸血鬼少女。能强化我方\n全体，凭借吸收敌人技能值的技能积蓄力量，连结爆发发动\n后与贝丝共同战斗，以防御下降和强力攻击发动攻势。,0,0,2,564,0,banbi
122401,0,450,2024/06/28 11:00:00,8,122401,2.42,122401,0,0,1,1,2099/12/31 23:59:59,1,0,122401,0,日和莉（夏日）,【物理】前卫，给大家加油鼓劲的盛夏元气少女。除了能持\n续回复我方角色的生命值、提升我方行动速度以外，还能根\n据我方角色的数量强化暴击，提升攻击力，从而带来胜利。,1,0,1,264,1,riheli
122501,0,450,2025/05/18 11:00:00,0,122501,1.965,122501,0,0,3,4,2025/05/23 10:59:59,4,0,122501,0,怜（夏日）,【物理】前卫，在水刃加护下于水面驰骋的水边剑士。每当\n发动暴击提升伤害底限的连结爆发时，身上的【水刃加护】\n便会提升所有技能伤害，贯穿敌阵。,1,0,1,250,0,lian
122601,0,450,2024/07/15 10:00:00,0,122601,2.27,122601,0,0,3,7,2099/12/31 23:59:59,7,0,122601,0,优衣（夏日）,【魔法】中卫，辅助魔法角色的夜海魔法师。运用累计攻击\n强化和技能值回复，展开物魔无效屏障，赋予生命值持续回\n复，在攻守两面引领我方走向胜利。,0,0,2,554,0,youyi
122701,0,450,2024/08/15 11:00:00,0,122701,1.92,122701,0,0,3,7,2099/12/31 23:59:59,7,0,122701,0,镜华（夏日）,【魔法】后卫，努力练习高难度魔法的海边优等生。拥有可\n随机打中敌人的技能，其威力随着攻击时赋予敌人的【蝶舞\n烙印】而放大，同时能降低敌方的防御力。,0,0,2,812,0,jinghua
122801,0,450,2024/07/31 11:00:00,0,122801,2.295,122801,0,0,1,1,2099/12/31 23:59:59,1,0,122801,0,未奏希（夏日）,【物理】前卫，在敌人后方设置烟火的纳凉捣蛋女孩。用眩\n晕牵制最前面的敌人，以最后方敌人为中心施展连结爆发吸\n引小范围敌人，降低技能值阻碍攻势。,1,0,1,237,1,weizouxi
122901,0,450,2025/06/08 11:00:00,0,122901,2.25,122901,0,0,3,5,2025/06/11 10:59:59,5,0,122901,0,美美（夏日）,【物理】中卫，拿着巨大气球跳跃的夏季兔兔女孩。用连结\n爆发和技能对多目标敌人的所有目标造成追加伤害，并通过\n强化自身和降低敌人防御力来击破强敌。,1,0,1,361,0,meimei
123001,0,450,2024/08/30 11:00:00,0,123001,2.27,123001,0,0,3,44,2024/09/03 17:59:59,44,0,123001,0,爱梅斯,【魔法】后卫，以全新姿态支援骑士冒险的妖精。能减轻伤\n害、提升防御力，展开无效屏障保护我方，并用该屏障提升\n攻击力、支援技能值来一转攻势。,1,0,2,746,0,aimeisi
123101,0,450,2024/09/03 11:00:00,0,123101,1.795,123101,0,0,3,7,2099/12/31 23:59:59,7,0,123101,0,真步（探索者）,【魔法】后卫，与玩偶们一起进行大冒险的真步队员。赋予\n我方的【软绵绵羊毛】效果，在受到伤害时会被消耗，用以\n回复技能值，以一气呵成的反击之势开辟活路。,0,0,2,793,0,zhenbu
123201,0,450,2024/09/14 11:00:00,0,123201,1.425,123201,0,0,3,3,2099/12/31 23:59:59,3,0,123201,0,绫音（探索者）,【物理】前卫，与搭档一同克服困难勇往直前的绫音队员。\n以两种范围攻击一口气逮住敌群，提升周围我方角色的物理\n攻击力和暴击以摧毁阻碍冒险的墙壁。,0,0,1,256,0,lingyin
123301,0,450,2026/01/29 09:00:00,0,123301,1.62,123301,0,0,3,1,2026/02/04 10:59:59,0,0,123301,0,涅亚,【物理】中卫，挥洒粘液的黄色史莱姆辣妹。技能能降低敌\n方全体的物理攻击能力和技能值上升量。连结爆发后能够变\n身史莱姆，攻击敌人的同时获得无敌的身躯。,1,0,1,350,0,nieya
123401,0,0,2015/4/1 15:00,0,0,0.0,0,0,0,3,5,2099/12/31 23:59:59,5,0,123401,0,纯（露营）,,0,0,0,0,0,chun
123501,0,450,2024/09/30 11:00:00,0,123501,2.34,123501,0,0,1,6,2099/12/31 23:59:59,6,0,123501,0,铃（万圣节）,【物理】中卫，用恶作剧戏弄敌人的恐怖僵尸妹。可对魔法\n攻击力最高的敌人发动突袭，并用减少技能值、魔法攻击力\n降低，使敌人眩晕等妨碍技能进行压制。,1,0,1,583,1,ling
123601,0,450,2026/02/07 11:00:00,0,123601,1.965,123601,0,0,3,4,2026/02/10 10:59:59,4,0,123601,0,智（万圣节）,【物理】前卫，与同志齐心协力一起战斗的巡夜剑士。使自\n己和物理攻击力最高的1个我方角色的攻击力大幅上升，用\n快如闪电的剑技惩罚歹徒。,1,0,1,262,0,zhi
123701,0,450,2024/10/15 11:00:00,0,123701,2.07,123701,0,0,3,7,2099/12/31 23:59:59,21,0,123701,0,七七香（万圣节）,【魔法】后卫，全力进行御宅活动的万圣节魔法少女。通过\n降低生命值回复量来打乱敌方战略，用伤害领域和根据目标\n的数量增加烧伤威力的狂热火焰包覆敌人。,0,0,2,741,0,qiqixiang
123801,0,450,2026/02/20 11:00:00,0,123801,2.295,123801,0,0,3,1,2026/02/24 10:59:59,1,0,123801,0,克莉丝提娜（狂野）,【物理】前卫，以兔子模样在战场蹦蹦跳跳的誓约女君。会\n运用回避所有物理攻击力的技能及强化攻击力来单身闯入敌\n阵，并用连结爆发的范围攻击从内侧将敌人击溃。,1,0,1,238,0,kelisitina
123901,0,450,2024/11/15 11:00:00,0,123901,2.125,123901,0,0,3,2,2099/12/31 23:59:59,2,0,123901,0,茉莉（狂野）,【物理】前卫，身穿母亲制作的铠甲，气势十足的兽人族骑\n士。自身生命值越低，造成的伤害与无效护盾耐久度越高，\n并运用降低防御力及永续攻击力提升来开辟生路。,0,0,1,183,0,moli
124001,0,450,2026/03/09 11:00:00,0,124001,2.07,124001,0,0,3,7,2026/03/16 10:59:59,7,0,124001,0,茜里（圣诞节）,【魔法】中卫，为圣夜城镇带来幸福的双胞胎妹妹圣诞老人。\n能为我方全体提供攻击力强化，效果随自身魔法攻击力提升，\n并用单体特大魔法攻击奏出胜利旋律。,1,0,2,438,0,qianli
124101,0,450,2024/11/29 11:00:00,0,124101,1.965,124101,0,0,1,6,2099/12/31 23:59:59,6,0,124101,0,依里（圣诞节）,【魔法】中卫，点亮灯光、传送幸福的双胞胎姐姐圣诞老人。\n为最近1名角色提升魔法攻击力和行动速度、回复技能值，\n并用支援全员的技能点缀圣夜的胜利。,1,0,2,433,1,yili
124201,0,450,2024/12/23 11:00:00,0,124201,2.07,124201,0,0,3,5,2099/12/31 23:59:59,5,0,124201,0,纯（圣诞节）,【物理】前卫，庇护并祝福伙伴的圣白骑士团长。使用技能\n强化后方我方角色的攻击力并回复技能值，通过降低敌人防\n御力及回复自身生命值的连结爆发来抓住胜机。,0,0,1,144,0,chun
124301,0,0,2015/04/01 15:00:00,0,0,0.0,0,181001,0,3,0,2099/12/31 23:59:59,0,0,124301,0,安（安＆古蕾雅）,,1,0,0,577,1,an
124401,0,0,2015/04/01 15:00:00,0,0,0.0,0,181001,0,3,0,2099/12/31 23:59:59,0,0,124401,0,古蕾雅（安＆古蕾雅）,,1,0,0,577,1,guleiya
124501,0,450,2025/09/01 18:00:00,0,124501,2.07,124501,0,0,3,7,2025/09/04 10:59:59,21,0,124501,0,帆稀（新年）,【魔法】后卫，用笑容隐藏魔力并盛装打扮的龙之首领。能\n强化自身攻击并回复技能值，连结爆发使出的曙光之泪能根\n据敌人数量增加威力和防御力减少量，驱除所有灾厄。,1,0,2,707,0,fanxi
124601,0,450,2025/09/01 18:00:00,0,124601,2.44,124601,0,0,3,7,2025/09/04 10:59:59,21,0,124601,0,美里（新年）,【魔法】后卫，以真心对待伙伴的女招待模样的老师。所有\n技能提升我方物理攻击力及暴击能力，并通过提升魔防和技\n能值上升量以及回复生命值和技能值来祈求万福。,1,0,2,698,0,meili
124701,0,450,2022/12/31 12:00:00,0,124701,2.24,124701,0,0,1,7,2030/12/31 15:00:00,46,0,124701,0,深月（新年）,【物理】中卫，身着振袖出手协助旅馆的独眼黑市医生。攻\n击处于朦胧状态的敌人时，技能的伤害及防御力下降值将提\n升，以妖艳姿态打倒被紫烟抓住的敌人。,1,0,1,590,1,shenyue
124801,0,450,2026/04/20 18:00:00,0,124801,2.14,124801,0,0,3,4,2026/04/24 10:59:59,0,0,124801,0,望（解放者）,【物理】中卫，相信未来点亮希望灯火的顶尖偶像。战斗开\n始时，为物理角色特大幅度回复技能值，并赋予敌人永久物\n防下降，利用物理攻击强化和技能值回复，带领大家走向胜,1,0,1,423,0,wang
124901,0,450,2025/01/27 11:00:00,0,124901,1.965,124901,0,0,1,1,2099/12/31 23:59:59,0,0,124901,0,嘉夜（解放者）,【物理】前卫，冲在前线开拓未来的龙族打手。拥有首次使\n用时大幅提升自身攻击力和技能值的强化技能，利用威力提\n高的连结爆发先发制人解决聚集的敌人。,1,0,1,170,1,jiaye
125001,0,450,2026/04/20 18:00:00,0,125001,1.965,125001,0,0,3,5,2026/04/24 10:59:59,0,0,125001,0,矛依未（解放者）,【物理】前卫，和搭档一起走向明天的大反派少女。使用强\n化自身和物防降低技能的矛依未，在连结爆发后一定时间内\n和尾狗刀共同战斗施以追击，从而夺回光明的未来。,1,0,1,221,0,maoyiwei
125101,0,450,2025/03/01 18:00:00,0,125101,2.24,125101,0,0,3,8,2099/12/31 23:59:59,47,0,125101,0,珠希（咖啡厅）,【物理】在后卫治愈招待客人的猫咪咖啡厅店员猫娘。在物\n攻高的角色旁边能提升周围角色的物攻，回复其生命值和技\n能值，并根据周围我方角色的人数强化攻击，横扫敌人。,0,0,1,825,0,zhuxi
125201,0,450,2025/03/09 11:00:00,0,125201,1.965,125201,0,0,3,4,2099/12/31 23:59:59,4,0,125201,0,莫妮卡（咖啡厅）,【物理】中卫，招待粗点心播撒福气的猫咪咖啡厅店员。在\n受到3次攻击前，能够极大幅度提升我方全体的物理攻击力，\n并在战斗初期通过2种降低物防的技能强势进行援助。,0,0,1,463,0,monika
125301,0,450,2026/06/12 11:00:00,0,125301,2.07,125301,0,0,3,6,2026/06/16 10:59:59,6,0,125301,0,可可萝（游骑兵）,【物理】后卫，与狗狗一起的新绿游骑兵少女。能使用根据\n自身攻击力强化的物理攻击支援技能、生命值持续回复和屏\n障支援周围，带领大家走向胜利。,1,0,1,752,0,kekeluo
125401,0,450,2025/03/31 09:00:00,0,125401,2.09,125401,0,0,3,8,2099/12/31 23:59:59,8,0,125401,0,栞（游骑兵）,【物理】后卫，和搭档一起在山中奔跑的新人游骑兵。用技\n能提高自己的攻击力和暴击时的伤害，回复技能值，还能对\n敌人造成伤害，用防御力降低来打击敌人。,0,0,1,710,0,kan
125501,0,450,2025/11/17 18:00:00,0,125501,1.92,125501,0,0,3,7,2025/11/22 10:59:59,50,0,125501,0,姬塔（术士）,【魔法】中卫，和其他术者一同收束魔力的终极魔导士。除\n了提供魔法攻击支援和技能值回复，还能削弱敌阵攻防两面\n来控制战况，自身也能施放强力攻击魔法。,1,0,2,443,0,jita
125601,0,450,2025/11/17 18:00:00,0,125601,2.09,125601,0,0,3,51,2025/11/22 10:59:59,0,0,125601,0,毗伽菈,【物理】前卫，传递梦想、希望与鼠耳的鼠神宫巫女。为周\n围我方角色提供物理攻击支援、技能值上升量提升和回复援\n护，利用自身无敌化突破敌人弱点，释放锐利的金牙一击。,1,0,1,267,0,pijiala
125701,0,450,2025/04/15 11:00:00,0,125701,2.24,125701,0,0,1,7,2099/12/31 23:59:59,9,0,125701,0,花凛（炼金术师）,【魔法】中卫，钻研森罗万象，支援伙伴的炼金术师。不分\n物理、魔法属性，对敌人施以弱化并对我方角色加以强化，\n还能通过技能的高频率生命值回复来稳固战局。,1,0,2,579,1,hualin
125801,0,450,2025/03/31 09:00:00,0,125801,2.09,125801,0,0,3,3,2099/12/31 23:59:59,0,0,125801,0,莉莉（堕天使）,【物理】中卫，使用黑羽之力制霸天空的镰刀少女。在战斗\n开始时，利用躲避敌人的范围攻击的【飞行】状态以及制造\n暗影共同作战的能力，斩尽眼前的敌人。,0,0,1,464,0,lili
125901,0,0,2015/04/01 15:00:00,0,0,0.0,0,0,0,3,1,2099/12/31 23:59:59,1,0,125901,0,嘉夜（解放者）,,1,0,0,0,0,jiaye
126001,0,450,2025/07/30 11:00:00,0,126001,2.09,126001,0,0,3,0,2099/12/31 23:59:59,0,0,126001,0,可璃亚（堕天使）,【物理】身处中卫，以身为盾守护同伴的隐棘少女。战斗开\n始时发动【飞行】保护生命值最低的同伴，并根据我方的生\n命值强化技能，牵制敌人。,0,0,1,406,0,keliya
126101,0,450,2025/07/30 11:00:00,0,126101,2.09,126101,0,0,3,44,2099/12/31 23:59:59,53,0,126101,0,普雷西娅（堕天使）,【魔法】中卫，以自己的步调支持我方的破杖少女。发动\n【飞行】，以暴击强化和生命值、技能值回复来支援同伴，\n并以加算魔法攻击力的物理攻击荡平敌人。,0,0,2,480,0,puleixiya
126201,0,450,2025/08/25 11:00:00,0,126201,2.09,126201,0,0,3,3,2025/08/29 10:59:59,3,0,126201,0,伊莉亚（礼服）,【魔法】中卫，与眷属缔结永久的血之盟约的月下吸血鬼。\n连结爆发可召唤2个眷属，对我方角色给予攻击支援和行动\n速度上升强化，和眷属一起发动猛攻讨伐阻挡前路的敌人。,1,0,2,568,0,yiliya
126301,0,450,2025/04/30 11:00:00,0,126301,2.07,126301,0,0,3,7,2099/12/31 23:59:59,9,0,126301,0,雪（礼服）,【魔法】中卫，身着黑暗礼服的“美的统领者”。得到属性\n值提升效果就会增加【美貌】，降低魔法攻击力、强化我方\n角色，技能值回复的效果。,0,0,2,456,0,xue
126401,0,450,2025/05/15 11:00:00,0,126401,2.09,126401,0,0,3,1,2025/05/18 17:59:59,1,0,126401,0,克萝茜,【物理】中卫，穿着可拆卸机械臂的人族机械女孩。发动连\n结爆发后进入【完全充能】状态，在【电池】耗光之前连续\n释放强化技能，急速粉碎敌人。,1,0,1,373,0,keluoqian
126501,0,450,2025/06/30 11:00:00,0,126501,1.965,126501,0,0,3,7,2025/07/03 17:59:59,0,0,126501,0,莱拉耶尔,【魔法】后卫，会露出优美笑容的吉奥·特尔哥尼亚公主。\n除了能在战斗开始时发动【雷霆圣界】对敌我双方产生影响，\n亦可借由魔法防御降低及造成强力伤害的技能施以制裁。,1,0,2,740,0,lailayeer
126601,0,450,2025/12/18 18:00:00,0,126601,2.04,126601,0,0,3,7,2025/12/22 10:59:59,7,0,126601,0,似似花（夏日）,【魔法】后卫，面带清凉微笑的夏季风貌【变貌大妃】。能\n以技能大幅强化我方，且能复制魔法攻击力最高的我方角色\n的魔法攻击力之后释放出强力的连结爆发。,1,0,2,650,0,sisihua
126701,0,450,2025/05/15 11:00:00,0,126701,1.965,126701,0,0,1,5,2099/12/31 23:59:59,5,0,126701,0,秋乃（夏日）,【物理】前卫，晚霞之下优雅地度假的千金小姐。凭借在敌\n人进行魔法攻击时大幅提高效果的2种范围攻击和攻防两面\n的支援技能，高呼盛夏的胜利。,1,0,1,224,1,qiunai
126801,0,450,2025/05/18 18:00:00,0,126801,1.97,126801,0,0,3,5,2099/12/31 23:59:59,5,0,126801,0,由加莉（夏日）,【物理】前卫，痴迷于夏天的麦酒的海边原圣骑士。对敌人\n单体造成伤害的同时，对周围的我方角色给予魔法无效屏障\n并提升魔防，巩固防守，带来胜利的波浪。,0,0,1,159,0,youjiali
126901,0,450,2026/01/08 11:00:00,0,126901,1.965,126901,0,0,3,7,2026/01/11 10:59:59,21,0,126901,0,兰法（夏日）,【魔法】后卫，倾听寂静潮声的晚阳歌姬。以极大幅度提升\n魔法暴击的技能为始，在攻防两面强化周围我方角色，自身\n也能以连结爆发击退众多敌人。,1,0,2,682,0,lanfa
127001,0,450,2025/05/30 11:00:00,0,127001,1.97,127001,0,0,1,2,2099/12/31 23:59:59,52,0,127001,0,空花（夏日）,【物理】前卫，追求新鲜刺激的泳装受虐狂女孩。凭借自身\n生命值越低，则效果量越高的物理攻击力提升技能和连结爆\n发的伤害，跃入胜利的大海。,1,0,1,133,1,konghua
127101,0,450,2026/01/08 11:00:00,0,127101,2.09,127101,0,0,3,5,2026/01/11 10:59:59,46,0,127101,0,忍（夏日）,【物理】前卫，在平静的水面上漂浮的夜光灵能少女。召唤\n老爹来吸引敌人的攻击，同时通过强化忍自身的攻击性能强\n化和降低敌人防御，引诱敌人前往冥海。,1,0,1,255,0,ren
127201,0,450,2026/02/04 11:00:00,0,127201,2.09,127201,0,0,3,7,2026/02/07 10:59:59,7,0,127201,0,凯露（插班生）,【魔法】后卫，身穿制服，心潮澎湃的青春猫娘。能提供攻\n防两面的支援，同时以行动速度提升和技能值回复来协助我\n方角色，瞄准最远的敌人发动连结爆发，收获闪耀的胜利。,1,0,2,804,0,kailu
127301,0,450,2025/07/03 18:00:00,0,127301,2.09,127301,0,0,3,8,2099/12/31 23:59:59,8,0,127301,0,铃奈（插班生）,【物理】后卫，穿着可爱制服的魅力模特。凭借暴击时强化\n我方角色的技能，以及能造成追加伤害的连结爆发来截取青\n春的一页。,0,0,1,750,0,lingnai
127401,0,0,2015/04/01 15:00:00,0,0,0.0,0,0,0,3,1,2030/12/31 15:00:00,1,0,127401,0,毗伽菈（联动）,,1,0,0,0,0,pijiala
127501,0,450,2026/02/13 11:00:00,0,127501,2.09,127501,0,0,3,4,2026/02/20 10:59:59,4,0,127501,0,咲恋（沙漠）,【物理】中卫，伴随火焰优雅起舞的热情咲恋妈妈。守护我\n方角色免受物理攻击，并凭借效果会随着【炎舞印记】数量\n增加的物攻提升和技能值回复来激励同伴。,1,0,1,304,0,xiaolian
127601,0,450,2025/07/15 11:00:00,0,127601,1.965,127601,0,0,3,4,2099/12/31 23:59:59,4,0,127601,0,流夏（沙漠）,【物理】前卫，坐着飞毯巡视战场的绿洲大姐头。用大幅提\n高自己的物防后挑衅敌人的技能，以及削弱敌人技能值和技\n能值上升量的连结爆发技，爽快地拿下胜利。,0,0,1,157,0,liuxia
127701,0,450,2026/02/04 11:00:00,0,127701,1.965,127701,0,0,3,6,2099/12/31 23:59:59,48,0,127701,0,琳德,【魔法】后卫，为女仆工作四处奔走的双胞胎龙姐姐。连结\n爆发的领域展开期间，攻击、防御、技能值回复等多种支援\n技能的效果会再次发动，为我方提供无微不至的支援。,0,0,2,693,0,linde
127801,0,450,2026/02/04 11:00:00,0,127801,1.965,127801,0,0,3,7,2099/12/31 23:59:59,47,0,127801,0,维尔姆,【魔法】后卫，一边抱怨一边工作的双胞胎龙妹妹。拥有能\n同时造成伤害并降低魔法防御力的技能，但一不留神就会败\n给【偷懒的诱惑】，开始敷衍了事。,0,0,2,706,0,wuermu
127901,0,450,2026/03/09 11:00:00,0,127901,1.965,127901,0,0,3,5,2026/03/14 10:59:59,5,0,127901,0,佩可莉姆（圣诞节）,【魔法】中卫，给大家带来笑容的馋猫圣诞老人公主。在前\n线承受敌人攻击的同时，支援范围内我方角色的防御能力，\n并削弱敌人的防御，在圣夜点亮胜利的灯火。,1,0,2,372,0,peikelimu
128001,0,450,2025/08/14 11:00:00,0,128001,2.09,128001,0,0,3,35,2099/12/31 23:59:59,35,0,128001,0,克蕾琪塔（圣诞节）,【物理】后卫，享受短暂甜美时光的圣夜女商人。为最远的\n我方角色回复技能值，初次攻击时会附加额外效果来弱化敌\n方并强化我方，布置胜利的舞台。,0,0,1,723,0,keleiqita
128101,0,0,2015/4/1 15:00,0,0,0.0,0,181101,0,3,0,2099/12/31 23:59:59,0,0,128101,0,静流（静流&璃乃）,,1,0,0,580,1,jingliu
128201,0,0,2015/4/1 15:00,0,0,0.0,0,181101,0,3,0,2099/12/31 23:59:59,0,0,128201,0,璃乃（静流&璃乃）,,1,0,0,580,1,linai
128301,0,450,2025/08/29 11:00:00,0,128301,2.09,128301,0,0,1,3,2099/12/31 23:59:59,38,0,128301,0,祈梨（新年）,【物理】前卫，喜欢捉弄对手的调皮年神龙。挑衅敌方全体，\n反击敌人的妨碍技能，并以令前方所有敌人眩晕的技能来搅\n乱战局。,1,0,1,191,1,qili
128401,0,450,2025/09/01 18:00:00,0,128401,2.09,128401,0,0,3,7,2025/09/15 10:59:59,21,0,128401,0,初音（新年）,【魔法】后卫，共赏特别景色的初梦超能力女孩。敌人进行\n物理攻击时，在强化攻击性能的基础上追加多个弱化效果，\n在攻守两方面支援我方、扫除敌人。,1,0,2,801,0,chuyin
128501,0,450,2025/09/01 18:00:00,0,128501,2.09,128501,0,0,3,7,2025/09/15 10:59:59,21,0,128501,0,香澄（新年）,【魔法】后卫，将秘密心愿寄托于绘马的新年名侦探。根据\n敌人与我方角色的数量，提升伤害与攻击力支援的效果量，\n外加能够灵活运用两种回复技能，为胜利祈愿。,1,0,2,739,0,xiangcheng
128601,0,0,2015/4/1 15:00,0,0,0.0,0,0,0,3,1,2099/12/31 23:59:59,1,0,128601,0,莉莉（堕天使）,,1,0,0,0,0,lili
128701,0,450,2026/04/07 11:00:00,0,128701,2.09,128701,0,0,3,1,2026/04/12 10:59:59,0,0,128701,0,日和莉（星幽）,【物理】前卫，拥有煌炎，播撒希望的觉醒元气少女。释放\n的火焰可同时弱化敌人的攻守，并对我方进行鼓舞，还会用\n2种技能值回复效果为攻势带来无限胜利。,1,0,1,226,0,riheli
128801,0,450,2025/09/15 11:00:00,0,128801,1.965,128801,0,0,1,4,2099/12/31 23:59:59,0,0,128801,0,怜（星幽）,【物理】前卫，身环旋风，奔向未来的觉醒剑士。能够以让\n人眼花缭乱的迅捷剑技击飞敌人并使其眩晕，巧妙运用强化\n我方角色防御性能的技能，开辟通往胜利的道路。,1,0,1,194,1,lian
128901,0,450,2026/04/07 11:00:00,0,128901,2.09,128901,0,0,3,7,2026/04/12 10:59:59,0,0,128901,0,优衣（星幽）,【魔法】后卫，以愿望之力施放极光的觉醒魔法士。能够在\n强化自身的同时，持续施展高火力魔法，并通过以屏障为起\n点，对我方角色使用的攻击支援技能夺取胜利。,1,0,2,772,0,youyi
129001,0,450,2025/10/13 11:00:00,0,129001,2.09,129001,0,0,3,7,2025/10/16 17:59:59,0,0,129001,0,厄里斯,【魔法】后卫，从睡梦中醒来、美丽绽放的黑玫瑰。用超越\n终焉的【回归玫瑰】和以行动速度提升为首的多种攻防支援\n方式强化我方，掌握崭新的未来。,1,0,2,800,0,elisi
129301,0,450,2026/05/15 11:00:00,0,129301,2.09,129301,0,0,3,7,2026/05/20 10:59:59,7,0,129301,0,优妮（冬日）,【物理】后卫，专心攻克荒废的冬季学业的水边才女。用强\n化物理攻击、回复以及行动速度提升支援我方，为死守通过\n连结爆发得到的【水边的安宁】而发挥臂力。,1,0,1,708,0,youni
129401,0,450,2025/10/16 18:00:00,0,129401,2.09,129401,0,0,3,2,2099/12/31 23:59:59,2,0,129401,0,克罗依（冬日）,【物理】前卫，映在水面上的神速阴暗系泳装女子。根据每\n次攻击命中时赋予敌人的【水月】数量，降低其物理防御力\n和提升伤害效果，从而将胜利收入囊中。,0,0,1,188,0,keluoyi
129501,0,450,2026/03/04 11:00:00,0,129501,2.09,129501,0,0,3,1,2026/03/09 10:59:59,1,0,129501,0,千爱瑠（冬日）,【物理】前卫，切噜一下的泳装千瑠瑠。通过属性值提升累\n积的【切噜】，会回馈到自身的火力及支援能力上，在寒冬\n的盛夏切啦噜咧咧波啪哔？,1,0,1,247,0,qianailiu
129601,0,450,2025/11/14 11:00:00,0,129601,2.09,129601,0,0,3,0,2025/11/17 17:59:59,0,0,129601,0,银莲,【物理】中卫，张开伶俐丽花之阵的吸血妖花妖魔人。使敌\n人的攻击力、防御力、造成伤害降低并吸收技能值，通过连\n结爆发的持续伤害效果，不断阻拦入侵领域的敌人。,1,0,1,550,0,yinlian
129701,0,450,2025/12/15 11:00:00,0,129701,2.09,129701,0,0,3,0,2025/12/18 17:59:59,0,0,129701,0,涅妃＝涅菈,【物理】中卫，君临万魔顶点的吉奥·矶汉拿的公主。运用\n环境效果【防魔尘】阻挡魔法攻击，并用行动速度提升等支\n援技能和猛烈攻击，制伏鲁莽的无礼之敌。,1,0,1,540,0,niefeiniela
129801,0,450,2026/06/12 11:00:00,0,129801,2.09,129801,0,0,3,5,2026/06/16 10:59:59,5,0,129801,0,真琴（教官）,【物理】前卫，用情意和热情团结同伴的狼女指挥官。在削\n弱敌人攻防的同时，回复自身的技能值并对物理防御下降状\n态的目标发动追击，从而展开猛烈攻势突破前线。,1,0,1,269,0,zhenqin
129901,0,450,2025/10/30 11:00:00,0,129901,1.84,129901,0,0,3,6,2099/12/31 23:59:59,48,0,129901,0,惠理子（教官）,【物理】前卫，以严苛教导引领同伴的狂恋教官。除了技能\n值回复和防御支援外，还能根据我方人数提升攻击支援效果\n并造成伤害（大），鼓舞全体队友击溃敌人。,0,0,1,294,0,huilizi
130001,0,450,2026/06/19 18:00:00,0,130001,2.09,130001,0,0,3,4,2026/06/25 10:59:59,0,0,130001,0,大和,【物理】前卫，豪迈地享受着惊险刺激的盗贼公会长女。一\n边在最前线拼上性命，一边消耗获得的【班迪骰子】来大幅\n强化自身，使乌合之众臣服在地。,1,0,1,150,0,dahe
130101,0,450,2026/06/19 18:00:00,0,130101,2.09,130101,0,0,3,7,2026/06/25 10:59:59,9,0,130101,0,若菜,【物理】中卫，老是抽到下下签的盗贼公会次女。召唤出来\n的斯基德会保护若菜并站上前线，自身则通过攻击支援、生\n命值和技能值回复，无私地支援我方。,1,0,1,535,0,ruocai
130201,0,450,2026/06/19 18:00:00,0,130201,1.84,130201,0,0,3,5,2026/06/25 10:59:59,0,0,130201,0,吹雪,【物理】中卫，嚣张自大的超天才盗贼公会三女。通过【我\n方屏障♡】将对自己的伤害转嫁给我方，用在生命值最大时\n伤害会提升的范围攻击蹂躏敌人。,1,0,1,371,0,chuixue
130601,0,0,2015/4/1 15:00,0,0,0.0,0,0,0,3,4,2030/12/31 15:00,1,0,130601,0,怜（星幽）,,1,0,0,0,0,lian
130701,0,450,2026/06/19 18:00:00,0,130701,1.92,130701,0,0,3,7,2026/06/25 10:59:59,7,0,130701,0,镜华（春日）,【魔法】中卫，为花田带来春天，身着花季服装的优等生。\n以根据技能发动次数进行的高效自身强化、暴击时追加效果\n的技能和连结爆发，掀起胜利旋风。,1,0,2,563,0,jinghua
130801,0,450,2025/11/17 18:00:00,0,130801,1.84,130801,0,0,3,7,2099/12/31 23:59:59,7,0,130801,0,铃莓（春日）,【魔法】中卫，身着点缀春天的花季服装的笨拙女仆。对范\n围内的敌人造成伤害，同时运用有多人弱化效果的技能和连\n结爆发，稳坐胜利宝座。,0,0,2,558,0,lingmei
130901,0,450,2025/11/29 11:00:00,0,130901,2.09,130901,0,0,3,7,2099/12/31 23:59:59,7,0,130901,0,库露露,【魔法】中卫，带领大家进入梦幻世界的宝石兔族总管。每\n次获得属性值提升效果，【宝石兔兔】就会增加，并反射性\n地为同伴提供攻击支援来报恩。,0,0,2,440,0,kululu
131001,0,450,2026/03/09 11:00:00,0,131001,1.84,131001,0,0,3,7,2026/03/14 10:59:59,7,0,131001,0,真步（梦想乐园）,【魔法】后卫，在马戏团的舞台上闪耀光芒的童话少女。除\n支援我方攻防、弱化敌人攻防之外，利用赋予【谢幕】时的\n追加伤害技能，点亮胜利的明灯。,1,0,2,702,0,zhenbu
131101,0,450,2025/12/15 11:00:00,0,131101,2.09,131101,0,0,3,2,2099/12/31 23:59:59,52,0,131101,0,涅亚（夏日）,【物理】前卫，伺机寻找拥抱机会的泳装史莱姆辣妹。自动\n对发动攻击的敌人附着【黏液】，引发攻击力降低、伤害和\n束缚等多重效果。,0,0,1,165,0,nieya
131201,0,450,2025/12/18 18:00:00,0,131201,2.09,131201,0,0,3,35,2025/12/30 10:59:59,35,0,131201,0,美空（夏日）,【魔法】后卫，在夏日做好事的活泼泳装少女★【超能力★\n风暴】充能后，通过连续攻击歼灭敌人，并使用技能值持续\n回复和屏障完美支援我方。,1,0,2,753,0,meikong
131301,0,0,2015/4/1 15:00,0,0,0.0,0,0,0,3,1,2030/12/31 15:00,1,0,131301,0,莉莉,,1,0,0,0,1,lili
131401,0,0,2015/4/1 15:00,0,0,0.0,0,0,0,3,1,2030/12/31 15:00,1,0,131401,0,可璃亚,,1,0,0,0,1,keliya
131501,0,0,2015/4/1 15:00,0,0,0.0,0,0,0,3,1,2030/12/31 15:00,1,0,131501,0,普雷西娅,,1,0,0,0,1,puleixiya
131601,0,450,2025/12/18 18:00:00,0,131601,1.92,131601,0,0,3,4,2025/12/30 10:59:59,4,0,131601,0,莉莉（夏日）,【物理】中卫，借助夏日阳光进行钻研的妹妹型大和抚子。\n防御力提升的同时以屏障和生命值回复加固我方防守，还能\n巧妙运用技能值回复和攻击力降低效果支配全场。,1,0,1,399,0,lili
131701,0,450,2026/04/07 11:00:00,0,131701,1.92,131701,0,0,3,44,2026/04/12 10:59:59,53,0,131701,0,爱梅斯（夏日）,【魔法】后卫，飘落在黄昏水面上的泳装妖精。在提供行动\n速度提升和技能值支援等多种辅助的同时，亦可用连结爆发\n的攻防弱化效果，清爽地带来胜利。,1,0,2,743,0,aimeisi
131801,0,450,2026/01/14 11:00:00,0,131801,2.09,131801,0,0,3,7,2099/12/31 23:59:59,21,0,131801,0,帆稀（夏日）,【魔法】后卫，在夏日清凉中小憩的泳装龙族首领。除攻防\n弱化外，还会运用根据每次赋予属性值下降就会增加的【日\n食】数量造成伤害，将反抗全部化为灰烬。,0,0,2,709,0,fanxi
131901,0,450,2026/04/30 11:00:00,0,131901,2.09,131901,0,0,1,7,2099/12/31 23:59:59,23,1,131901,0,爱蜜莉雅（夏日）,【魔法】后卫，和帕克一起战斗的盛夏半精灵。运用生成冰\n壁的技能，以及赋予强力伤害和速度降低的连结爆发，阻止\n敌人的进攻。,1,0,2,725,1,aimiliya
132001,0,450,2026/04/30 11:00:00,0,132001,2.09,132001,0,0,3,7,2026/05/15 10:59:59,21,1,132001,0,艾姬多娜（夏日）,【魔法】后卫，因与未知世界的邂逅而雀跃的强欲魔女。以\n强烈的攻击魔法为首，她会施展各种魔法来满足欲望，包括\n对我方的攻击支援、对敌人的弱化乃至自我复活。,1,0,2,775,0,aijiduona
132101,0,450,2026/04/30 11:00:00,0,132101,2.09,132101,0,0,3,13,2026/05/15 10:59:59,24,1,132101,0,雷姆（夏日）,【物理】前卫，在夏日阳光下享受闲暇时光的双胞胎妹妹。\n利用连结爆发释放鬼族之力，攻防属性与HP吸收能力同步\n强化，并以【狂躁】将映入眼中的一切尽数制伏。,1,0,1,146,0,leimu
132201,0,450,2026/06/19 18:00:00,0,132201,1.84,132201,0,0,3,7,2026/06/25 10:59:59,7,0,132201,0,望（炼金术师）,【魔法】后卫，炼成希望的炼金术师偶像。从【炼金材料】\n中创造出【香水】，除了造成伤害外还能提升技能值回复和\n攻击支援能力，带来胜利的芬芳。,1,0,2,721,0,wang
132301,0,450,2026/06/19 18:00:00,0,132301,2.09,132301,0,0,3,7,2026/07/01 10:59:59,7,0,132301,0,露易丝玛丽,【魔法】后卫，智慧深不可测的天才炼金术师。赋予能以较\n高的防御力来承受伤害的调和状态，并通过最多提升2次性\n能的连结爆发，让妄想大爆炸。,1,0,2,754,0,luyisimali
132501,0,450,2026/06/19 18:00:00,0,132501,2.09,132501,0,0,3,7,2026/07/01 10:59:59,23,0,132501,0,苑,【魔法】后卫，身材娇小却处事成熟的炼金堂低能量店主。\n赋予强力弱化效果的同时，每次赋予减益效果而增加的【虚\n脱】累积到80便会拿出真本事，为准时下班战斗到底。,0,0,2,636,0,yuan
132801,0,450,2026/02/28 11:00:00,0,132801,2.09,132801,0,0,3,7,2026/03/04 10:59:59,0,0,132801,0,莱拉耶尔（圣诞节）,【魔法】后卫，黑衣之下包裹着雪白肌肤的甜美公主。以我\n方的生命值为代价展开强力屏障的同时，以屏障为起点的高\n功率二连击点亮圣夜的大树。,1,0,2,750,0,lailayeer
132901,0,450,2026/02/28 11:00:00,0,132901,2.09,132901,0,0,3,5,2099/12/31 23:59:59,46,0,132901,0,伊绪（圣诞节）,【魔法】后卫，在舒适的睡眠中到访的圣夜恶魔。为魔法攻\n击力最高的我方角色赋予【恶魔的亲吻】，通过攻击支援和\n技能值回复进行寸步不离的指导。,0,0,2,748,0,yixu
133001,0,450,2026/03/16 11:00:00,0,133001,2.09,133001,0,0,3,0,2026/03/19 17:59:59,0,0,133001,0,格蕾丝,【物理】前卫，战斗如空中飞舞的幽灵守护骑士。通过连结\n爆发对我方进行攻击和速度支援，并用【灵体】逃离敌人的\n视线，以出其不意的一击使其陷入永远的沉睡。,1,0,1,234,0,geleisi
133101,0,450,2026/06/16 11:00:00,0,133101,1.75,133101,0,0,3,0,2026/06/19 17:59:59,0,0,133101,0,薇奥莉特,【物理】前卫，虚幻而凛然的吉奥·尼弗尔海姆的公主。以\n钝化持续伤害效果的环境效果【忌火】为盾，以绝怠灵度的\n持续百分比攻击为矛，守护寂静的冥府。,1,0,1,154,0,aoerweite
133201,0,450,2026/03/16 11:00:00,0,133201,2.09,133201,0,0,1,4,2099/12/31 23:59:59,22,0,133201,0,莫妮卡（新年）,【物理】前卫，元旦也精神十足、活蹦乱跳的军人少女。依\n靠追加效果根据造成的伤害而强化的连结爆发和每次发动都\n会成长的自我强化技能，让扰乱秩序之人晕头转向。,1,0,1,296,1,monika
133501,0,450,2026/03/19 18:00:00,0,133501,2.09,133501,0,0,3,4,2026/03/31 10:59:59,22,0,133501,0,咲恋（新年）,【魔法】后卫，在身旁心意相通、身着振袖的救济院之主。\n为我方提供技能值回复的支援，并使用在我方发动连结爆发\n时伤害就会提升的技能，共同跨越困难。,1,0,2,718,0,xiaolian
133601,0,450,2026/03/19 18:00:00,0,133601,2.09,133601,0,0,3,0,2026/03/31 10:59:59,0,0,133601,0,美杜莎,【物理】中卫，与眷属齐心协力战斗的高傲的蛇之少女。根\n据【魔眼】的数量效果量会提升的技能伤害和弱化效果将范\n围内的敌人逼入绝境，用锐利的眼神将其变为石头。,1,0,1,445,0,meidusha
133701,0,450,2026/03/31 11:00:00,0,133701,2.09,133701,0,0,3,8,2026/04/07 10:59:59,0,0,133701,0,菈比莉斯塔（阿尔法）,【魔法】后卫，始原冠装得心应手的“迷宫女王”。创造出\n为水属性我方角色提升技能值上升量的领域，并以连射攻击\n击穿敌人的防御，让敌人知晓七冠的实力。,1,0,2,717,0,labilisita
133801,0,450,2026/04/20 18:00:00,0,133801,2.09,133801,0,0,3,7,2026/04/30 10:59:59,0,0,133801,0,似似花（阿尔法）,【魔法】后卫，以始原之姿操纵战况的“变貌大妃”。能从\n召唤出的格雷戈尔那里获得攻击支援和技能值回复，并以彼\n此魔力相结合的连携攻击，君临于幽玄王座之上。,1,0,2,759,0,sisihua
133901,0,450,2026/04/17 11:00:00,0,133901,2.09,133901,0,0,3,6,2026/04/17 10:59:59,0,0,133901,0,克莉丝提娜（阿尔法）,【物理】前卫，挥舞始原冠装力量的“誓约女君”。第10\n次行动时攻击力大幅提升，并获得能使技能产生追击效果的\n【虚数】，以超群的力量抹消胆敢反抗的敌人。,1,0,1,228,0,kelisitina
134001,0,450,2026/04/17 11:00:00,0,134001,2.09,134001,0,0,3,0,2026/04/20 17:59:59,0,0,134001,0,菲欧,【魔法】后卫，引导大家前往阿斯特朗冒险的妖精向导。能\n用增益和屏障保护我方，并以屏障为起点进行攻击支援，还\n会为风属性的我方角色提供行动速度和技能值支援。,1,0,2,746,0,feiou
134101,0,0,2015/4/1 15:00,0,0,0.0,0,0,0,3,5,2030/12/31 15:00,1,0,134101,0,吹雪,,1,0,0,0,0,chuixue
134201,0,0,2015/4/1 15:00,0,0,0.0,0,0,0,3,7,2030/12/31 15:00,1,0,134201,0,莱拉耶尔（圣诞节）,,1,0,0,0,0,lailayeer
134301,0,450,2026/05/15 11:00:00,0,134301,2.09,134301,0,0,3,7,2026/06/01 10:59:59,0,0,134301,0,兰法（礼服）,【魔法】后卫，身穿礼服、与精灵心灵相通的唱唤士。通过\n伤害量会根据敌人数量发生变化的范围攻击，以及魔法无效\n屏障等支援技能，将思念寄托于诗歌中使其回响。,1,0,2,778,0,lanfa
134401,0,450,2026/05/15 11:00:00,0,134401,2.09,134401,0,0,3,7,2099/12/31 23:59:59,21,0,134401,0,千歌（礼服）,【魔法】后卫，身穿礼服、编写并传唱歌曲的唱唤士。通过\n自身与距离最近的我方角色施加强力增益效果并回复技能值\n来支援攻击，让彼此心意相通，奏出优美的旋律。,0,0,2,773,0,qiange
134501,0,450,2026/06/01 11:00:00,0,134501,2.09,134501,0,0,3,0,2026/06/07 10:59:59,0,0,134501,0,克萝茜（空战）,【魔法】后卫，以超高速飞行打出高额输出的机器人少女。\n一边从上空用速度增益支援我方全体，一边解除自己的屏障\n将其转换为力量，背负世界的命运飞向高空！,1,0,2,719,0,keluoqian
134601,0,450,2026/06/01 11:00:00,0,134601,2.09,134601,0,0,3,35,2026/06/07 10:59:59,35,0,134601,0,碧（驾驶员）,【物理】中卫，驾驶巨大机器人战斗的孤僻驾驶员。拥有弱\n化敌人、为我方展开屏障的技能，从钢铁的少女释放的光线\n无论多么坚固的防守都能击破。,1,0,1,526,0,bi
134701,0,450,2026/06/07 11:00:00,0,134701,2.09,134701,0,0,3,7,2026/06/12 10:59:59,7,0,134701,0,凤凰,【物理】中卫，华丽飞舞的五色绚烂的炼华凤凰。能兼顾攻\n击力增益和展开屏障等攻防支援，以及丰富的生命值、技能\n值供给，以净化的力量为大家带来安宁。,1,0,1,490,0,fenghuang
135801,0,0,2015/4/1 15:00,0,0,0.0,0,0,0,3,1,2030/12/31 15:00,1,0,135801,0,雪乃,,0,0,0,0,0,xuenai
135901,0,0,2015/4/1 15:00,0,0,0.0,0,0,0,3,1,2030/12/31 15:00,1,0,135901,0,沙月,,0,0,0,0,0,shayue
136601,0,0,2015/4/1 15:00,0,0,0.0,0,0,0,1,1,2030/12/31 15:00,1,0,136601,0,美杜莎,,0,0,0,0,0,meidusha
136701,0,0,2015/4/1 15:00,0,0,0.0,0,0,0,3,8,2030/12/31 15:00,1,0,136701,0,菈比莉斯塔（阿尔法）,,1,0,0,0,0,labilisita
136801,0,0,2015/4/1 15:00,0,0,0.0,0,0,0,3,7,2030/12/31 15:00,1,0,136801,0,兰法（礼服）,,1,0,0,0,0,lanfa
137201,0,0,2015/4/1 15:00,0,0,0.0,0,0,0,3,2,2030/12/31 15:00,2,0,137201,0,菈比莉斯塔,,0,0,0,0,0,labilisita
137301,0,0,2015/4/1 15:00,0,0,0.0,0,0,0,3,2,2030/12/31 15:00,1,0,137301,0,花音,,1,0,0,0,0,huayin
137501,0,0,2015/4/1 15:00,0,0,0.0,0,0,0,3,1,2030/12/31 15:00,1,0,137501,0,艾拉,,1,0,0,0,0,aila
170101,0,450,2023/10/17 11:00:00,1,0,1.965,170101,0,0,3,4,2099/12/31 23:59:59,4,0,170101,0,环奈,【物理】中卫，擅长范围攻击与战斗辅助的新晋女演员。能\n够快速击溃前方范围内的敌人。并且可以提升己方角色的战\n斗能力和行动速度。,0,0,1,433,0,huannai
170201,0,450,2023/10/17 11:00:00,1,0,2.07,170201,0,0,3,7,2099/12/31 23:59:59,30,0,170201,0,环奈（振袖）,【物理】中卫，精通治疗技能与范围攻击，身着振袖和服的女演员。\n能对敌方角色造成范围性破坏的同时支援己方角色，\n还可以大幅强化自身的破坏力哦！,0,0,1,527,0,huannai
170301,0,450,2015/4/1 15:00,4,170301,1.965,105701,0,0,3,34,2099/12/31 23:59:59,34,0,170301,0,姬塔,【物理】前卫，可先手发动必胜绝技的骑空士。\n用技能回复技能值，提前发动连结爆发，\n在战斗初期给予敌方前卫大幅伤害。,0,0,1,245,0,jita
180101,0,450,2022/12/31 11:00:00,7,180101,1.62,180101,0,0,3,0,2023/1/03 17:59:59,0,0,180101,0,日和莉（公主）,【物理】前卫，身负火焰之翼粉碎敌人的活力少女。操控随\n着战斗时间而强化自身攻击力的技能，在提升力量之后释放\n出的超强一击可以将任何敌人化为尘土。,1,0,1,199,0,riheli
180201,0,450,2022/06/26 11:00:00,1,180201,1.92,180201,0,0,3,0,2022/06/29 10:59:59,0,0,180201,0,优衣（公主）,【魔法】后卫，用极大魔法歼灭敌人的祈愿魔法士。通过辅\n助技能累积提升攻击力并回复技能值，增强自身的力量后，\n释放强力的范围攻击一扫敌人。,1,0,2,767,0,youyi
180301,0,450,2025/04/25 11:00:00,7,180301,1.965,180301,0,0,3,0,2025/04/30 10:59:59,0,0,180301,0,怜（公主）,【物理】中卫，驱使风刃华丽穿梭于激战的风暴之翼剑士。\n使用敌人越多效果越高的自身强化技能鼓舞自己，凭借强力\n的范围攻击技歼灭所有敌人。,1,0,1,377,0,lian
180401,0,450,2022/01/28 9:00:00,1,180401,1.965,180401,0,0,3,0,2022/02/07 10:59:59,0,0,180401,0,佩可莉姆（公主）,【物理】前卫，无论攻防都十分厉害的贪吃公主。生命值高\n的时候拥有爆炸性的攻击力，能屠戮所有敌人，生命值减少\n时可获得自我回复的能力，有着铜墙铁壁一般的防御力。,1,0,1,155,0,peikelimu
180501,0,450,2025/08/11 11:00:00,1,180501,2.14,180501,0,0,3,0,2025/08/14 10:59:59,0,0,180501,0,可可萝（公主）,【物理】中卫，操纵多个强大辅助技能的纯白巫女。一边强\n化我方角色的攻击力与暴击伤害，一边使用两种全体回复技\n能坚固地守护同伴，带领我方取得胜利。,1,0,1,555,0,kekeluo
180601,0,450,2023/02/28 11:00:00,1,180601,1.92,180601,0,0,3,0,2023/3/03 17:59:59,0,0,180601,0,凯露（公主）,【魔法】后卫，操纵极大魔法讨伐敌人的公主造型猫女。运\n用兼备回复和辅助的各种攻击技能来调整战局，使出极大威\n力的连结爆发歼灭敌人。,1,0,2,747,0,kailu
180701,0,450,2023/08/31 11:00:00,1,180701,1.75,180701,0,0,3,0,2023/9/03 17:59:59,0,0,180701,0,初音＆栞,【物理】后卫，发挥真正情谊连结之力的亲密姐妹。使用敌\n人数量越多威力越高的攻击技能和强化周围我方同伴的技能，\n将挡在面前的敌人一扫而光。,1,0,1,732,0,chuyinkan
180801,0,450,2023/12/29 11:00:00,1,180801,1.5,180801,0,0,3,0,2024/1/1 17:59:59,0,0,180801,0,未奏希＆美美＆镜华,【物理】中卫，对单体敌人释放出必杀一击的亲密三人组。\n三人合力放出的攻击会根据敌人的弱点从物理转变为魔法攻\n击，无论多么强大的敌人都能击退！,1,0,1,465,0,weizouximeimeijinghua
180901,0,450,2024/04/17 11:00:00,1,180901,2.09,180901,0,0,3,0,2024/4/20 17:59:59,0,0,180901,0,秋乃＆咲恋,【物理】中卫，二人是可将后背托付的挚友与好对手。支援\n我方物理攻击，持续回复生命值和技能值，使用生命值越高\n威力越大的连结爆发，共同迈向胜利之路。,1,0,1,421,0,qiunaixiaolian
181001,0,450,2024/12/31 11:00:00,1,181001,2.09,181001,0,0,3,0,2025/01/03 17:59:59,0,0,181001,0,安＆古蕾雅,【魔法】位于中卫，以魔力共鸣使出连击的玛纳利亚双姝。\n得到属性值提升效果时，增加的【友情魔印】将强化技能，\n使出波长一致的炎之魔枪讨伐敌人。,1,0,2,577,0,an＆guleiya
181101,0,450,2025/08/29 11:00:00,1,181101,1.92,181101,0,0,3,0,2025/09/01 17:59:59,0,0,181101,0,静流＆璃乃,【物理】中卫，身着统一服装，亲密程度宛如亲姐妹。静流\n在攻防两端为我方提供支援，而璃乃则以暴击造成强力伤害。\n她们依靠着深厚的姐妹情谊，共同克服重重困难！,1,0,1,551,0,jingliu＆linai
181201,0,450,2026/01/22 18:00:00,1,181201,1.92,181201,0,0,3,0,2026/01/25 17:59:59,0,0,181201,0,雪菲（公主）,【物理】中卫，以全新力量重生的公主服冰龙少女。通过环\n境效果【绝冰】提升暴击伤害，并运用火力和招数兼具的剑\n技，为了再次并肩而行开辟道路。,1,0,1,368,0,xuefei
190801,0,0,2015/4/1 15:00,0,0,0.0,0,0,0,1,1,2099/12/31 23:59:59,1,0,190801,0,花凛,,0,0,1,0,0,hualin
191201,0,0,2015/4/1 15:00,0,0,0.0,0,0,0,1,1,2099/12/31 23:59:59,1,0,191201,0,培提尔其乌斯,,0,0,1,0,0,peitierqiwusi
191301,0,450,2015/4/1 15:00,0,191301,2.22,191301,0,0,1,6,2099/12/31 23:59:59,6,0,191301,0,一正,【物理】在渔民村里深受大家喜爱的废柴渔民。虽\n然连结爆发拥有强大的眩晕效果，但如果自身生命\n值在50%以下，便会滑倒在地。\n\n·使用普通攻击和连结爆发进行战斗。,1,0,1,850,0,yizheng
191401,0,0,2015/4/1 15:00,0,0,0.0,0,0,0,0,6,2099/12/31 23:59:59,6,0,191401,0,可可萝,,0,0,0,0,0,kekeluo
191501,0,150,2015/4/1 15:00,0,100101,0.0,100101,0,0,0,0,2099/12/31 23:59:59,0,0,191501,0,主角,月光学院的学生，打算在仅剩的少许时间内完成家\n庭作业。为了守护快乐的暑假回忆，勇敢面对堆积\n成山的家庭作业。,0,0,0,1600,0,zhujue
191601,0,150,2015/4/1 15:00,0,100101,0.0,100101,0,0,0,0,2099/12/31 23:59:59,0,0,191601,0,主角,月光学院的学生，打算在仅剩的少许时间内完成家\n庭作业。为了守护快乐的暑假回忆，勇敢面对堆积\n成山的家庭作业。,0,0,0,1600,0,zhujue
191701,0,150,2015/4/1 15:00,0,100101,0.0,100101,0,0,0,0,2099/12/31 23:59:59,0,0,191701,0,主角,月光学院的学生，打算在仅剩的少许时间内完成家\n庭作业。为了守护快乐的暑假回忆，勇敢面对堆积\n成山的家庭作业。,0,0,0,1600,0,zhujue
192701,0,450,2015/4/1 15:00,0,192701,1.92,192701,0,0,1,0,2030/12/31 15:00,0,0,192701,0,雪菲,,1,0,1,855,0,xuefei
192801,0,0,2015/4/1 15:00,0,0,0.0,0,0,0,1,1,2030/12/31 15:00,1,0,192801,0,单位职能,,0,0,0,0,0,单体型角色
192901,0,0,2015/4/1 15:00,0,0,0.0,0,0,0,1,1,2030/12/31 15:00,1,0,192901,0,单位职能,,0,0,0,0,0,单体型角色
193001,0,0,2015/4/1 15:00,0,0,0.0,0,0,0,1,1,2030/12/31 15:00,1,0,193001,0,宝箱,,0,0,0,0,0,baoxiang
403101,0,450,2015/4/1 15:00,0,0,2.0,0,0,0,1,1,2099/12/31 23:59:59,0,0,403101,0,骷髅,,0,0,1,300,0,kulou
403102,0,450,2015/04/01 15:00:00,0,0,2.0,0,0,0,1,1,2030/12/31 15:00:00,0,0,403102,0,髑髅,,0,0,1,300,0,kulou
403103,0,450,2015/04/01 15:00:00,0,0,2.0,0,0,0,1,1,2030/12/31 15:00:00,0,0,403103,0,髑髅,,0,0,1,300,0,kulou
404201,0,450,2015/4/1 15:00,0,0,2.0,0,0,0,1,1,2099/12/31 23:59:59,0,0,404201,0,风精灵,,0,0,2,1000,0,fengjingling
404205,0,450,2015/4/1 15:00,0,0,2.0,0,0,0,1,1,2099/12/31 23:59:59,0,0,404205,0,风精灵,,0,0,2,1000,0,fengjingling
407001,0,450,2015/4/1 15:00,1,106001,2.0,106001,0,0,3,0,2099/12/31 23:59:59,0,0,407001,0,似似花,,1,0,2,460,0,sisihua
407701,0,450,2015/4/1 15:00,0,0,3.0,0,0,0,1,1,2099/12/31 23:59:59,0,0,407701,0,迷你魔像,,0,0,1,95,0,minimoxiang
408401,0,450,2015/4/1 15:00,0,0,2.0,0,0,0,1,1,2099/12/31 23:59:59,0,0,408401,0,风精灵,,0,0,2,700,0,fengjingling
408402,0,450,2015/4/1 15:00,0,0,2.0,0,0,0,1,1,2099/12/31 23:59:59,0,0,408402,0,风精灵,,0,0,2,750,0,fengjingling
408403,0,450,2015/4/1 15:00,0,0,2.0,0,0,0,1,1,2099/12/31 23:59:59,0,0,408403,0,风精灵,,0,0,2,800,0,fengjingling
418101,0,450,2015/4/1 15:00,0,0,1.75,0,0,0,3,0,2099/12/31 23:59:59,0,0,418101,0,碧玉双足飞龙,,1,0,2,589,0,biyushuangzufeilong
425801,0,450,2015/04/01 15:00:00,0,0,2.09,0,0,0,3,3,2030/12/31 15:00:00,0,0,425801,0,莉莉（堕天使）,,0,0,1,364,0,lili
425802,0,450,2015/04/01 15:00:00,0,0,2.09,0,0,0,3,3,2030/12/31 15:00:00,0,0,425802,0,莉莉（堕天使）,,0,0,1,414,0,lili
426201,0,450,2015/04/01 15:00:00,0,0,2.0,0,0,0,3,1,2030/12/31 15:00:00,0,0,426201,0,眷属,,0,0,2,700,0,yiliya
426202,0,450,2015/04/01 15:00:00,0,0,2.0,0,0,0,3,1,2030/12/31 15:00:00,0,0,426202,0,眷属,,0,0,2,750,0,yiliya
427101,0,450,2015/04/01 15:00:00,0,0,2.0,0,0,0,1,1,2030/12/31 15:00:00,0,0,427101,0,骷髅老爸,,0,0,1,180,0,kuloulaoba
430101,0,450,2015/4/1 15:00,0,0,2.0,0,0,0,3,1,2030/12/31 15:00,0,0,430101,0,斯派克兄弟,,1,0,1,210,0,sipaikexiongdi
431901,0,0,2015/4/1 15:00,0,0,2.0,0,0,0,1,1,2030/12/31 15:00,0,0,431901,0,冰壁,,0,0,1,2160,0,bingbi
433801,0,450,2015/4/1 15:00,0,0,2.0,0,0,0,3,0,2030/12/31 15:00,0,0,433801,0,格雷戈尔,,1,0,2,773,0,geleigeer
435601,0,450,2015/4/1 15:00,0,100101,0.2,100101,0,0,3,4,2030/12/31 15:00,0,0,435601,0,诗夏,,1,0,1,249,0,shixia
900001,0,600,2015/4/1 15:00,0,100101,50.0,100101,0,0,1,5,2099/12/31 23:59:59,0,0,900001,0,主角,,0,0,1,475,0,zhujue
900002,0,600,2015/4/1 15:00,0,100101,3.0,100101,0,0,1,5,2099/12/31 23:59:59,0,0,900002,0,主角,,0,0,1,600,0,zhujue
900003,0,600,2015/4/1 15:00,0,100101,3.0,100101,0,0,1,5,2099/12/31 23:59:59,0,0,900003,0,主角,,0,0,1,650,0,zhujue
900102,0,600,2015/4/1 15:00,0,100199,50.0,100199,0,0,1,1,2099/12/31 23:59:59,0,0,900102,0,日和莉,,0,0,1,675,0,riheli
900103,0,0,2015/4/1 15:00,0,0,0.0,0,0,0,1,1,2099/12/31 23:59:59,1,0,900103,0,日和莉,,0,0,0,0,0,riheli
100201,0,600,2015/4/1 15:00,0,100201,0.0,100201,0,0,1,7,2099/12/31 23:59:59,7,0,900201,0,优衣,,0,0,2,800,0,youyi
900202,0,600,2015/4/1 15:00,0,100299,50.0,100299,0,0,1,7,2099/12/31 23:59:59,0,0,900202,0,优衣,,0,0,2,1075,0,youyi
900302,0,600,2015/4/1 15:00,0,100399,50.0,100399,0,0,1,4,2099/12/31 23:59:59,0,0,900302,0,怜,,0,0,1,875,0,lian
900401,0,450,2015/4/1 15:00,0,100401,2.17,100401,0,0,1,1,2099/12/31 23:59:59,1,0,900401,0,未奏希,,0,0,1,580,0,weizouxi
901001,0,450,2015/4/1 15:00,0,101001,2.27,101001,0,0,3,7,2099/12/31 23:59:59,7,0,901001,0,真步,,0,0,2,650,0,zhenbu
901201,0,600,2015/4/1 15:00,0,101201,50.0,101201,0,0,1,7,2099/12/31 23:59:59,7,0,901201,0,初音,,0,0,2,755,0,chuyin
901701,0,450,2015/4/1 15:00,0,101701,2.17,101701,0,0,2,1,2099/12/31 23:59:59,1,0,901701,0,香织,,0,0,1,300,0,xiangzhi
102501,0,600,2015/4/1 15:00,0,102501,2.25,102501,0,0,1,7,2099/12/31 23:59:59,7,0,902501,0,铃莓,,0,0,2,450,0,lingmei
902601,0,450,2015/4/1 15:00,0,0,2.315,0,0,0,1,6,2099/12/31 23:59:59,6,0,902601,0,铃,,0,0,1,630,0,ling
903601,0,450,2015/4/1 15:00,0,103601,50.0,103601,0,0,3,7,2099/12/31 23:59:59,7,0,903601,0,镜华,,0,0,2,890,0,jinghua
903801,0,450,2015/4/1 15:00,0,103801,50.0,103801,0,0,1,8,2099/12/31 23:59:59,8,0,903801,0,栞,,0,0,1,710,0,kan
904401,0,450,2015/4/1 15:00,0,104401,1.425,104401,0,0,3,3,2099/12/31 23:59:59,3,0,904401,0,伊莉亚,,0,0,2,900,0,yiliya
105012,0,450,2015/4/1 15:00,15,105001,2.07,105001,0,0,1,7,2099/12/31 23:59:59,7,0,905012,0,美咲（夏日）,,0,0,2,760,0,meixiao
105801,0,600,2015/4/1 15:00,0,105801,2.5,105801,0,0,1,5,2099/12/31 23:59:59,0,0,905801,0,佩可莉姆,,0,0,1,200,0,peikelimu
105901,0,600,2015/4/1 15:00,0,105901,2.0,105901,0,0,1,6,2099/12/31 23:59:59,6,0,905901,0,可可萝,,0,0,1,400,0,kekeluo
105901,0,600,2015/4/1 15:00,0,105901,2.0,105901,0,0,1,6,2099/12/31 23:59:59,6,0,905902,0,可可萝,,0,0,1,800,0,kekeluo
906601,0,0,2015/4/1 15:00,0,0,0.0,0,0,0,1,13,2099/12/31 23:59:59,3,0,906601,0,祈梨,,0,0,0,0,0,qili
106802,0,0,2015/4/1 15:00,0,0,0.0,0,0,0,1,1,2030/12/31 15:00,1,0,906802,0,晶,,1,0,0,0,0,jing
907501,0,600,2015/4/1 15:00,0,105801,2.5,105801,0,0,1,5,2099/12/31 23:59:59,0,0,907501,0,佩可莉姆,,0,0,1,200,0,peikelimu
107601,0,0,2015/4/1 15:00,0,0,0.0,0,0,0,1,6,2030/12/31 15:00,6,0,907601,0,可可萝（夏日）,,1,0,0,0,0,kekeluo
907701,0,600,2015/4/1 15:00,0,102501,2.25,102501,0,0,1,7,2099/12/31 23:59:59,7,0,907701,0,铃莓,,0,0,2,450,0,lingmei
907801,0,450,2015/4/1 15:00,1,0,2.07,0,0,0,1,7,2099/12/31 23:59:59,7,0,907801,0,凯露,,0,0,2,750,0,kailu
907901,0,600,2015/4/1 15:00,0,104601,2.25,104601,0,0,1,2,2099/12/31 23:59:59,2,0,907901,0,珠希,,0,0,1,250,0,zhuxi
908701,0,600,2015/4/1 15:00,0,0,0.0,0,0,0,1,1,2099/12/31 23:59:59,1,0,908701,0,日和莉（新年）,,0,0,1,0,0,riheli
127201,0,0,2015/04/01 15:00:00,0,0,0.0,0,0,0,1,7,2030/12/31 15:00:00,7,0,927201,0,凯露,,0,0,0,0,0,kailu
130901,0,0,2015/4/1 15:00,0,0,0.0,0,0,0,1,1,2030/12/31 15:00,1,0,930901,0,库露露,,0,0,0,0,0,kululu
